[{"model": "admin.logentry", "pk": 2, "fields": {"action_time": "2023-08-19T09:20:16.528Z", "user": 7, "content_type": 10, "object_id": "1d131c96-524b-4619-bf28-c662fde215e8", "object_repr": "Continent object (1d131c96-524b-4619-bf28-c662fde215e8)", "action_flag": 1, "change_message": "[{\"added\": {}}]"}}, {"model": "admin.logentry", "pk": 3, "fields": {"action_time": "2023-08-19T09:22:47.392Z", "user": 7, "content_type": 10, "object_id": "5c1664dc-bd3d-446d-9277-a04e8e05f6bf", "object_repr": "Continent object (5c1664dc-bd3d-446d-9277-a04e8e05f6bf)", "action_flag": 1, "change_message": "[{\"added\": {}}]"}}, {"model": "admin.logentry", "pk": 4, "fields": {"action_time": "2023-08-19T09:26:43.652Z", "user": 7, "content_type": 10, "object_id": "5c1664dc-bd3d-446d-9277-a04e8e05f6bf", "object_repr": "Continent object (5c1664dc-bd3d-446d-9277-a04e8e05f6bf)", "action_flag": 3, "change_message": ""}}, {"model": "admin.logentry", "pk": 5, "fields": {"action_time": "2023-08-19T09:26:48.139Z", "user": 7, "content_type": 10, "object_id": "1d131c96-524b-4619-bf28-c662fde215e8", "object_repr": "Continent object (1d131c96-524b-4619-bf28-c662fde215e8)", "action_flag": 3, "change_message": ""}}, {"model": "admin.logentry", "pk": 6, "fields": {"action_time": "2023-08-19T09:46:28.474Z", "user": 7, "content_type": 10, "object_id": "be6af6fd-bb3e-4c6f-8d13-1a32ab874852", "object_repr": "Continent object (be6af6fd-bb3e-4c6f-8d13-1a32ab874852)", "action_flag": 1, "change_message": "[{\"added\": {}}]"}}, {"model": "admin.logentry", "pk": 7, "fields": {"action_time": "2023-08-19T09:48:02.198Z", "user": 7, "content_type": 10, "object_id": "fd8d74ba-d47b-4b21-8f01-29604085a473", "object_repr": "Continent object (fd8d74ba-d47b-4b21-8f01-29604085a473)", "action_flag": 1, "change_message": "[{\"added\": {}}]"}}, {"model": "admin.logentry", "pk": 8, "fields": {"action_time": "2023-08-19T09:48:28.921Z", "user": 7, "content_type": 10, "object_id": "e4c7151a-cc0c-4d86-96c8-429615d785cc", "object_repr": "Continent object (e4c7151a-cc0c-4d86-96c8-429615d785cc)", "action_flag": 1, "change_message": "[{\"added\": {}}]"}}, {"model": "admin.logentry", "pk": 9, "fields": {"action_time": "2023-08-19T09:49:03.253Z", "user": 7, "content_type": 10, "object_id": "0c63c52c-df43-49c4-87f8-f99fed6e66f0", "object_repr": "Continent object (0c63c52c-df43-49c4-87f8-f99fed6e66f0)", "action_flag": 1, "change_message": "[{\"added\": {}}]"}}, {"model": "admin.logentry", "pk": 10, "fields": {"action_time": "2023-08-19T09:50:00.010Z", "user": 7, "content_type": 10, "object_id": "63da9153-518e-4fbc-8bfc-9729e49ff8c1", "object_repr": "Continent object (63da9153-518e-4fbc-8bfc-9729e49ff8c1)", "action_flag": 1, "change_message": "[{\"added\": {}}]"}}, {"model": "admin.logentry", "pk": 11, "fields": {"action_time": "2023-08-19T09:50:29.636Z", "user": 7, "content_type": 10, "object_id": "2dffedd5-eeaf-4b91-b17a-b4078027dfeb", "object_repr": "Continent object (2dffedd5-eeaf-4b91-b17a-b4078027dfeb)", "action_flag": 1, "change_message": "[{\"added\": {}}]"}}, {"model": "admin.logentry", "pk": 12, "fields": {"action_time": "2023-08-19T12:06:45.056Z", "user": 7, "content_type": 14, "object_id": "3c105ef2-b2f3-4fd0-805f-8cd72af4b0eb", "object_repr": "Afghanistan (AF)", "action_flag": 1, "change_message": "[{\"added\": {}}]"}}, {"model": "admin.logentry", "pk": 13, "fields": {"action_time": "2023-08-20T04:32:04.366Z", "user": 7, "content_type": 14, "object_id": "3c105ef2-b2f3-4fd0-805f-8cd72af4b0eb", "object_repr": "Afghanistan (AF)", "action_flag": 3, "change_message": ""}}, {"model": "admin.logentry", "pk": 14, "fields": {"action_time": "2023-08-20T04:34:17.874Z", "user": 7, "content_type": 14, "object_id": "d14b7f8f-f045-41d2-b129-a691689967e0", "object_repr": "Afghanistan (AF)", "action_flag": 1, "change_message": "[{\"added\": {}}]"}}, {"model": "admin.logentry", "pk": 15, "fields": {"action_time": "2023-08-20T04:34:36.587Z", "user": 7, "content_type": 14, "object_id": "d14b7f8f-f045-41d2-b129-a691689967e0", "object_repr": "Afghanistan (AF)", "action_flag": 3, "change_message": ""}}, {"model": "admin.logentry", "pk": 16, "fields": {"action_time": "2023-08-20T04:39:13.121Z", "user": 7, "content_type": 14, "object_id": "e94fd75f-7de2-4b21-a39d-ce08c578e5c2", "object_repr": "United States of America (US)", "action_flag": 1, "change_message": "[{\"added\": {}}]"}}, {"model": "admin.logentry", "pk": 17, "fields": {"action_time": "2023-08-20T04:39:34.456Z", "user": 7, "content_type": 14, "object_id": "e94fd75f-7de2-4b21-a39d-ce08c578e5c2", "object_repr": "United States of America (US)", "action_flag": 2, "change_message": "[{\"changed\": {\"fields\": [\"Flag image path\"]}}]"}}, {"model": "admin.logentry", "pk": 18, "fields": {"action_time": "2023-08-20T04:40:02.588Z", "user": 7, "content_type": 14, "object_id": "e94fd75f-7de2-4b21-a39d-ce08c578e5c2", "object_repr": "United States of America (US)", "action_flag": 2, "change_message": "[{\"changed\": {\"fields\": [\"Flag image path\"]}}]"}}, {"model": "admin.logentry", "pk": 19, "fields": {"action_time": "2023-08-20T04:40:14.451Z", "user": 7, "content_type": 14, "object_id": "e94fd75f-7de2-4b21-a39d-ce08c578e5c2", "object_repr": "United States of America (US)", "action_flag": 2, "change_message": "[{\"changed\": {\"fields\": [\"Flag image path\"]}}]"}}, {"model": "admin.logentry", "pk": 20, "fields": {"action_time": "2023-08-20T04:41:55.631Z", "user": 7, "content_type": 14, "object_id": "e94fd75f-7de2-4b21-a39d-ce08c578e5c2", "object_repr": "United States of America (US)", "action_flag": 2, "change_message": "[{\"changed\": {\"fields\": [\"Flag image path\"]}}]"}}, {"model": "admin.logentry", "pk": 21, "fields": {"action_time": "2023-08-20T04:43:56.830Z", "user": 7, "content_type": 14, "object_id": "e94fd75f-7de2-4b21-a39d-ce08c578e5c2", "object_repr": "United States of America (US)", "action_flag": 3, "change_message": ""}}, {"model": "admin.logentry", "pk": 22, "fields": {"action_time": "2023-08-20T04:45:29.388Z", "user": 7, "content_type": 14, "object_id": "cd2fa47a-d054-4de7-85c3-da8904300001", "object_repr": "Afghanistan (AF)", "action_flag": 1, "change_message": "[{\"added\": {}}]"}}, {"model": "admin.logentry", "pk": 23, "fields": {"action_time": "2023-08-20T06:20:21.267Z", "user": 7, "content_type": 14, "object_id": "b9794dc9-ebfa-4fb6-865e-c305eb0c2e0d", "object_repr": "Åland Islands (AX)", "action_flag": 1, "change_message": "[{\"added\": {}}]"}}, {"model": "admin.logentry", "pk": 24, "fields": {"action_time": "2023-08-20T06:21:47.077Z", "user": 7, "content_type": 14, "object_id": "9cbbc09a-6692-4834-9093-bb6425534793", "object_repr": "Albania (AL)", "action_flag": 1, "change_message": "[{\"added\": {}}]"}}, {"model": "admin.logentry", "pk": 25, "fields": {"action_time": "2023-08-20T06:22:52.985Z", "user": 7, "content_type": 14, "object_id": "f0882d0c-d787-4b6b-97f3-f5d5ec5d8ec3", "object_repr": "Algeria (DZ)", "action_flag": 1, "change_message": "[{\"added\": {}}]"}}, {"model": "admin.logentry", "pk": 26, "fields": {"action_time": "2023-08-20T06:23:51.636Z", "user": 7, "content_type": 14, "object_id": "92d746d8-0159-4d0e-bb5b-22e444bc80ef", "object_repr": "American Samoa (AS)", "action_flag": 1, "change_message": "[{\"added\": {}}]"}}, {"model": "admin.logentry", "pk": 27, "fields": {"action_time": "2023-08-20T06:24:37.251Z", "user": 7, "content_type": 14, "object_id": "9b2924af-7a90-4415-b02b-de6dd4d8ebd5", "object_repr": "Andorra (AD)", "action_flag": 1, "change_message": "[{\"added\": {}}]"}}, {"model": "admin.logentry", "pk": 28, "fields": {"action_time": "2023-08-20T06:26:08.827Z", "user": 7, "content_type": 14, "object_id": "cbae2225-e88a-4957-b985-61c4b86309ce", "object_repr": "Angola (AO)", "action_flag": 1, "change_message": "[{\"added\": {}}]"}}, {"model": "admin.logentry", "pk": 29, "fields": {"action_time": "2023-08-20T06:26:48.041Z", "user": 7, "content_type": 14, "object_id": "ea753919-0094-4614-ad2a-9128ad9e1be8", "object_repr": "Anguilla (AI)", "action_flag": 1, "change_message": "[{\"added\": {}}]"}}, {"model": "admin.logentry", "pk": 30, "fields": {"action_time": "2023-08-20T06:27:51.746Z", "user": 7, "content_type": 14, "object_id": "5307c954-a317-4175-b752-61e08b9abbd2", "object_repr": "Antigua and Barbuda (AG)", "action_flag": 1, "change_message": "[{\"added\": {}}]"}}, {"model": "admin.logentry", "pk": 31, "fields": {"action_time": "2023-08-20T06:29:06.794Z", "user": 7, "content_type": 14, "object_id": "13d3f984-fee7-4462-8019-37b0a6d6d821", "object_repr": "Argentina (AR)", "action_flag": 1, "change_message": "[{\"added\": {}}]"}}, {"model": "admin.logentry", "pk": 32, "fields": {"action_time": "2023-08-20T06:30:38.778Z", "user": 7, "content_type": 14, "object_id": "9977c6d8-7aa3-4a30-9d01-801329daae8d", "object_repr": "Armenia (AM)", "action_flag": 1, "change_message": "[{\"added\": {}}]"}}, {"model": "admin.logentry", "pk": 33, "fields": {"action_time": "2023-08-20T06:31:20.064Z", "user": 7, "content_type": 14, "object_id": "8702dad7-af0e-4607-ba0d-faef0e10e340", "object_repr": "Aruba (AW)", "action_flag": 1, "change_message": "[{\"added\": {}}]"}}, {"model": "admin.logentry", "pk": 34, "fields": {"action_time": "2023-08-20T06:33:32.170Z", "user": 7, "content_type": 14, "object_id": "a3e4f0ce-62a3-4517-90c8-a37b78690083", "object_repr": "Australia (AU)", "action_flag": 1, "change_message": "[{\"added\": {}}]"}}, {"model": "admin.logentry", "pk": 35, "fields": {"action_time": "2023-08-20T06:34:07.933Z", "user": 7, "content_type": 14, "object_id": "cf5927c3-93c0-4565-b48c-51a959cea69c", "object_repr": "Austria (AT)", "action_flag": 1, "change_message": "[{\"added\": {}}]"}}, {"model": "admin.logentry", "pk": 36, "fields": {"action_time": "2023-08-20T06:36:18.283Z", "user": 7, "content_type": 14, "object_id": "8366a465-41d2-4828-8055-4a9fca49e5a2", "object_repr": "Azerbaijan (AZ)", "action_flag": 1, "change_message": "[{\"added\": {}}]"}}, {"model": "admin.logentry", "pk": 37, "fields": {"action_time": "2023-08-20T06:38:56.381Z", "user": 7, "content_type": 14, "object_id": "5e0bf531-eb9b-4a02-83f3-f36333daf56d", "object_repr": "Bahamas (BS)", "action_flag": 1, "change_message": "[{\"added\": {}}]"}}, {"model": "admin.logentry", "pk": 38, "fields": {"action_time": "2023-08-20T06:41:01.612Z", "user": 7, "content_type": 14, "object_id": "caa0255f-ebc2-45df-8352-ac1da8831c7f", "object_repr": "Bahrain (BH)", "action_flag": 1, "change_message": "[{\"added\": {}}]"}}, {"model": "admin.logentry", "pk": 39, "fields": {"action_time": "2023-08-20T06:41:55.834Z", "user": 7, "content_type": 14, "object_id": "7ed68236-64ff-4f86-8a82-1d4359d46cef", "object_repr": "Bangladesh (BD)", "action_flag": 1, "change_message": "[{\"added\": {}}]"}}, {"model": "admin.logentry", "pk": 40, "fields": {"action_time": "2023-08-20T06:42:53.976Z", "user": 7, "content_type": 14, "object_id": "027d057b-5f04-49a9-973a-6de545c851af", "object_repr": "Barbados (BB)", "action_flag": 1, "change_message": "[{\"added\": {}}]"}}, {"model": "admin.logentry", "pk": 41, "fields": {"action_time": "2023-08-20T06:43:36.269Z", "user": 7, "content_type": 14, "object_id": "524669e1-b746-4396-9f91-8a724e5b203b", "object_repr": "Belarus (BY)", "action_flag": 1, "change_message": "[{\"added\": {}}]"}}, {"model": "admin.logentry", "pk": 42, "fields": {"action_time": "2023-08-20T06:44:37.157Z", "user": 7, "content_type": 14, "object_id": "e2de76b4-849d-4d07-8183-54ddcebd73ac", "object_repr": "Belgium (BE)", "action_flag": 1, "change_message": "[{\"added\": {}}]"}}, {"model": "admin.logentry", "pk": 43, "fields": {"action_time": "2023-08-20T06:45:56.803Z", "user": 7, "content_type": 14, "object_id": "05a60a5d-c3bc-435f-883a-28de64cd6f12", "object_repr": "Belize (BZ)", "action_flag": 1, "change_message": "[{\"added\": {}}]"}}, {"model": "admin.logentry", "pk": 44, "fields": {"action_time": "2023-08-20T06:46:31.307Z", "user": 7, "content_type": 14, "object_id": "9da58b1e-75f9-40e7-aa9a-1992ac47bd2d", "object_repr": "Benin (BJ)", "action_flag": 1, "change_message": "[{\"added\": {}}]"}}, {"model": "admin.logentry", "pk": 45, "fields": {"action_time": "2023-08-20T06:47:20.912Z", "user": 7, "content_type": 14, "object_id": "f80528df-9891-4b1b-9b17-4e8f835d25b1", "object_repr": "Bermuda (BM)", "action_flag": 1, "change_message": "[{\"added\": {}}]"}}, {"model": "admin.logentry", "pk": 46, "fields": {"action_time": "2023-08-20T06:48:00.988Z", "user": 7, "content_type": 14, "object_id": "05fb85d7-d45a-4950-aba9-a8aba603f0c2", "object_repr": "Bhutan (BT)", "action_flag": 1, "change_message": "[{\"added\": {}}]"}}, {"model": "admin.logentry", "pk": 47, "fields": {"action_time": "2023-08-20T06:48:45.674Z", "user": 7, "content_type": 14, "object_id": "0b27e08c-fd00-4736-a0ca-fac25e05f2ce", "object_repr": "Bolivia (BO)", "action_flag": 1, "change_message": "[{\"added\": {}}]"}}, {"model": "admin.logentry", "pk": 48, "fields": {"action_time": "2023-08-20T06:49:42.919Z", "user": 7, "content_type": 14, "object_id": "9b3a77a2-458b-4bcf-82f2-1428e8cadb34", "object_repr": "Bosnia and Herzegovina (BA)", "action_flag": 1, "change_message": "[{\"added\": {}}]"}}, {"model": "admin.logentry", "pk": 49, "fields": {"action_time": "2023-08-20T06:50:39.051Z", "user": 7, "content_type": 14, "object_id": "ec2268e4-d38e-4eee-ad1e-4300f10dcd60", "object_repr": "Botswana (BW)", "action_flag": 1, "change_message": "[{\"added\": {}}]"}}, {"model": "admin.logentry", "pk": 50, "fields": {"action_time": "2023-08-20T06:51:43.873Z", "user": 7, "content_type": 14, "object_id": "5b26c7c4-2dac-4d9b-b416-e8224e292928", "object_repr": "Brazil (BR)", "action_flag": 1, "change_message": "[{\"added\": {}}]"}}, {"model": "admin.logentry", "pk": 51, "fields": {"action_time": "2023-08-20T06:52:29.768Z", "user": 7, "content_type": 14, "object_id": "1603dd31-326d-4078-b88c-aa0ad88d0814", "object_repr": "British Indian Ocean Territory (IO)", "action_flag": 1, "change_message": "[{\"added\": {}}]"}}, {"model": "admin.logentry", "pk": 52, "fields": {"action_time": "2023-08-20T06:53:27.321Z", "user": 7, "content_type": 14, "object_id": "1f769013-3df6-4974-9048-05ba4d4ceea5", "object_repr": "Brunei (BN)", "action_flag": 1, "change_message": "[{\"added\": {}}]"}}, {"model": "admin.logentry", "pk": 53, "fields": {"action_time": "2023-08-20T06:54:04.926Z", "user": 7, "content_type": 14, "object_id": "1d702a44-f8ec-44aa-927b-f40ef3bf55be", "object_repr": "Bulgaria (BG)", "action_flag": 1, "change_message": "[{\"added\": {}}]"}}, {"model": "admin.logentry", "pk": 54, "fields": {"action_time": "2023-08-20T06:55:02.846Z", "user": 7, "content_type": 14, "object_id": "3634aca2-2a3b-4602-8cbc-1f4d6787ec26", "object_repr": "Burkina Faso (BF)", "action_flag": 1, "change_message": "[{\"added\": {}}]"}}, {"model": "admin.logentry", "pk": 55, "fields": {"action_time": "2023-08-20T06:55:49.894Z", "user": 7, "content_type": 14, "object_id": "301e7740-88d4-43ba-ab70-26bc645b5439", "object_repr": "Burundi (BI)", "action_flag": 1, "change_message": "[{\"added\": {}}]"}}, {"model": "admin.logentry", "pk": 56, "fields": {"action_time": "2023-08-20T06:56:39.404Z", "user": 7, "content_type": 14, "object_id": "1c436738-b5b1-463a-ab9a-d98264e98637", "object_repr": "Cambodia (KH)", "action_flag": 1, "change_message": "[{\"added\": {}}]"}}, {"model": "admin.logentry", "pk": 57, "fields": {"action_time": "2023-08-20T06:58:01.930Z", "user": 7, "content_type": 14, "object_id": "69a3194e-499f-47fa-9dcc-86daede1c21d", "object_repr": "Cameroon (CM)", "action_flag": 1, "change_message": "[{\"added\": {}}]"}}, {"model": "admin.logentry", "pk": 58, "fields": {"action_time": "2023-08-20T06:58:47.478Z", "user": 7, "content_type": 14, "object_id": "2219ff6a-0a5b-4dc2-9643-3c33ba21dbef", "object_repr": "Canada (CA)", "action_flag": 1, "change_message": "[{\"added\": {}}]"}}, {"model": "admin.logentry", "pk": 59, "fields": {"action_time": "2023-08-20T07:00:16.421Z", "user": 7, "content_type": 14, "object_id": "81fd0c9c-f54f-42c1-87bf-eafbc3d82647", "object_repr": "Cayman Islands (KY)", "action_flag": 1, "change_message": "[{\"added\": {}}]"}}, {"model": "admin.logentry", "pk": 60, "fields": {"action_time": "2023-08-20T07:01:11.620Z", "user": 7, "content_type": 14, "object_id": "bf82da65-45b7-4842-8c2e-3aae9e0be67f", "object_repr": "Central African Republic (CF)", "action_flag": 1, "change_message": "[{\"added\": {}}]"}}, {"model": "admin.logentry", "pk": 61, "fields": {"action_time": "2023-08-20T07:02:03.520Z", "user": 7, "content_type": 14, "object_id": "1425a244-b4ba-4c95-b824-1fcda7308ae2", "object_repr": "Chad (TD)", "action_flag": 1, "change_message": "[{\"added\": {}}]"}}, {"model": "admin.logentry", "pk": 62, "fields": {"action_time": "2023-08-20T07:02:36.125Z", "user": 7, "content_type": 14, "object_id": "b57831d4-1204-4166-ac04-a6f05d016206", "object_repr": "Chile (CL)", "action_flag": 1, "change_message": "[{\"added\": {}}]"}}, {"model": "admin.logentry", "pk": 63, "fields": {"action_time": "2023-08-20T07:03:08.304Z", "user": 7, "content_type": 14, "object_id": "706a842a-b8af-438e-9fc5-962e82740920", "object_repr": "China (CN)", "action_flag": 1, "change_message": "[{\"added\": {}}]"}}, {"model": "admin.logentry", "pk": 64, "fields": {"action_time": "2023-08-20T07:04:10.212Z", "user": 7, "content_type": 14, "object_id": "e8edbb80-30ee-42e3-9160-cf93efd85739", "object_repr": "Hong Kong (HK)", "action_flag": 1, "change_message": "[{\"added\": {}}]"}}, {"model": "admin.logentry", "pk": 65, "fields": {"action_time": "2023-08-20T07:04:54.597Z", "user": 7, "content_type": 14, "object_id": "a92762d2-aabc-4c88-9441-5a359810f5ad", "object_repr": "Macao (MO)", "action_flag": 1, "change_message": "[{\"added\": {}}]"}}, {"model": "admin.logentry", "pk": 66, "fields": {"action_time": "2023-08-20T07:05:28.432Z", "user": 7, "content_type": 14, "object_id": "72f94470-7ab7-4296-a2b4-20dbc0411462", "object_repr": "Christmas Island (CX)", "action_flag": 1, "change_message": "[{\"added\": {}}]"}}, {"model": "admin.logentry", "pk": 67, "fields": {"action_time": "2023-08-20T07:05:57.254Z", "user": 7, "content_type": 14, "object_id": "82fea842-9522-41d5-a047-5d55663fb5c6", "object_repr": "Cocos (Keeling) Islands (CC)", "action_flag": 1, "change_message": "[{\"added\": {}}]"}}, {"model": "admin.logentry", "pk": 68, "fields": {"action_time": "2023-08-20T07:06:34.025Z", "user": 7, "content_type": 14, "object_id": "84c5c2fa-ea9b-48ca-a722-825e7b2ba735", "object_repr": "Colombia (CO)", "action_flag": 1, "change_message": "[{\"added\": {}}]"}}, {"model": "admin.logentry", "pk": 69, "fields": {"action_time": "2023-08-20T07:07:32.012Z", "user": 7, "content_type": 14, "object_id": "41bf540c-c8bd-4087-9190-253496cf9733", "object_repr": "Comoros (KM)", "action_flag": 1, "change_message": "[{\"added\": {}}]"}}, {"model": "admin.logentry", "pk": 70, "fields": {"action_time": "2023-08-20T07:08:34.334Z", "user": 7, "content_type": 14, "object_id": "49f9b1fa-eb4a-4d63-b8f0-14f80ccfbbee", "object_repr": "Congo (CG)", "action_flag": 1, "change_message": "[{\"added\": {}}]"}}, {"model": "admin.logentry", "pk": 71, "fields": {"action_time": "2023-08-20T07:09:40.424Z", "user": 7, "content_type": 14, "object_id": "1eb4d189-2844-4655-89ea-68d96a636b5c", "object_repr": "Congo (the Democratic Republic of the) (CD)", "action_flag": 1, "change_message": "[{\"added\": {}}]"}}, {"model": "admin.logentry", "pk": 72, "fields": {"action_time": "2023-08-20T07:10:16.492Z", "user": 7, "content_type": 14, "object_id": "6952aa80-d703-4b8f-827e-ca0cec0f9086", "object_repr": "Cook Islands (CK)", "action_flag": 1, "change_message": "[{\"added\": {}}]"}}, {"model": "admin.logentry", "pk": 73, "fields": {"action_time": "2023-08-20T07:10:48.422Z", "user": 7, "content_type": 14, "object_id": "d159c145-4e61-4801-b6d2-d76404c7b91e", "object_repr": "Costa Rica (CR)", "action_flag": 1, "change_message": "[{\"added\": {}}]"}}, {"model": "admin.logentry", "pk": 74, "fields": {"action_time": "2023-08-20T07:11:29.524Z", "user": 7, "content_type": 14, "object_id": "50178338-9816-4f9a-8073-f5f21e8158c6", "object_repr": "Côte d'Ivoire (CI)", "action_flag": 1, "change_message": "[{\"added\": {}}]"}}, {"model": "admin.logentry", "pk": 75, "fields": {"action_time": "2023-08-20T07:11:59.477Z", "user": 7, "content_type": 14, "object_id": "94859421-6d26-40e3-9475-bdebf4ff8d9d", "object_repr": "Croatia (HR)", "action_flag": 1, "change_message": "[{\"added\": {}}]"}}, {"model": "admin.logentry", "pk": 76, "fields": {"action_time": "2023-08-20T07:12:27.976Z", "user": 7, "content_type": 14, "object_id": "c59513f9-f636-45e2-9639-860a1540efbe", "object_repr": "Cuba (CU)", "action_flag": 1, "change_message": "[{\"added\": {}}]"}}, {"model": "admin.logentry", "pk": 77, "fields": {"action_time": "2023-08-20T07:13:24.554Z", "user": 7, "content_type": 14, "object_id": "d06e01a4-082b-49b4-8728-eb3584ac354f", "object_repr": "Czechia (CZ)", "action_flag": 1, "change_message": "[{\"added\": {}}]"}}, {"model": "admin.logentry", "pk": 78, "fields": {"action_time": "2023-08-20T07:13:55.865Z", "user": 7, "content_type": 14, "object_id": "db656fab-2f56-46e1-97c4-1c7fe9d162a3", "object_repr": "Denmark (DK)", "action_flag": 1, "change_message": "[{\"added\": {}}]"}}, {"model": "admin.logentry", "pk": 79, "fields": {"action_time": "2023-08-20T07:14:28.014Z", "user": 7, "content_type": 14, "object_id": "ce5a1d9f-01d4-4c13-b531-ad89e0edd131", "object_repr": "Djibouti (DJ)", "action_flag": 1, "change_message": "[{\"added\": {}}]"}}, {"model": "admin.logentry", "pk": 80, "fields": {"action_time": "2023-08-20T07:15:01.439Z", "user": 7, "content_type": 14, "object_id": "87032c6a-d8da-4be8-bdda-d81c51c05b7e", "object_repr": "Dominica (DM)", "action_flag": 1, "change_message": "[{\"added\": {}}]"}}, {"model": "admin.logentry", "pk": 81, "fields": {"action_time": "2023-08-20T07:15:33.941Z", "user": 7, "content_type": 14, "object_id": "1563e2b7-671b-4443-9d41-6a4b1bfcdedf", "object_repr": "Dominican Republic (DO)", "action_flag": 1, "change_message": "[{\"added\": {}}]"}}, {"model": "admin.logentry", "pk": 82, "fields": {"action_time": "2023-08-20T07:16:17.742Z", "user": 7, "content_type": 14, "object_id": "d5696186-f562-4498-9a61-e88a1f69da68", "object_repr": "Ecuador (EC)", "action_flag": 1, "change_message": "[{\"added\": {}}]"}}, {"model": "admin.logentry", "pk": 83, "fields": {"action_time": "2023-08-20T07:17:00.883Z", "user": 7, "content_type": 14, "object_id": "533a54cf-31de-4228-9e6c-e26023c5f5f4", "object_repr": "Egypt (EG)", "action_flag": 1, "change_message": "[{\"added\": {}}]"}}, {"model": "admin.logentry", "pk": 84, "fields": {"action_time": "2023-08-20T07:17:37.590Z", "user": 7, "content_type": 14, "object_id": "c89f55a7-ebd5-4965-bebd-de07c2dbe60b", "object_repr": "El Salvador (SV)", "action_flag": 1, "change_message": "[{\"added\": {}}]"}}, {"model": "admin.logentry", "pk": 85, "fields": {"action_time": "2023-08-20T07:18:27.490Z", "user": 7, "content_type": 14, "object_id": "f7f0e417-2b8e-4bc4-b8d8-647f24555b65", "object_repr": "Equatorial Guinea (GQ)", "action_flag": 1, "change_message": "[{\"added\": {}}]"}}, {"model": "admin.logentry", "pk": 86, "fields": {"action_time": "2023-08-20T07:18:55.363Z", "user": 7, "content_type": 14, "object_id": "09c9dff8-2ba1-4934-bf86-45dd20a72f24", "object_repr": "Eritrea (ER)", "action_flag": 1, "change_message": "[{\"added\": {}}]"}}, {"model": "admin.logentry", "pk": 87, "fields": {"action_time": "2023-08-20T07:19:29.565Z", "user": 7, "content_type": 14, "object_id": "4b0ddbd2-b96f-4006-ac2c-0e1c26fb24d3", "object_repr": "Estonia (EE)", "action_flag": 1, "change_message": "[{\"added\": {}}]"}}, {"model": "admin.logentry", "pk": 88, "fields": {"action_time": "2023-08-20T07:20:06.595Z", "user": 7, "content_type": 14, "object_id": "4c9adf6d-73fd-403a-8fd5-2d3922e6b4ad", "object_repr": "Ethiopia (ET)", "action_flag": 1, "change_message": "[{\"added\": {}}]"}}, {"model": "admin.logentry", "pk": 89, "fields": {"action_time": "2023-08-20T13:45:50.065Z", "user": 7, "content_type": 14, "object_id": "ce4575fb-9337-4a7b-8bfb-b912888157ac", "object_repr": "Falkland Islands (Malvinas) (FK)", "action_flag": 1, "change_message": "[{\"added\": {}}]"}}, {"model": "admin.logentry", "pk": 90, "fields": {"action_time": "2023-08-20T13:46:43.656Z", "user": 7, "content_type": 14, "object_id": "040ef5b7-117d-43ec-9441-f503019b8aff", "object_repr": "Faroe Islands (FO)", "action_flag": 1, "change_message": "[{\"added\": {}}]"}}, {"model": "admin.logentry", "pk": 91, "fields": {"action_time": "2023-08-20T13:47:20.117Z", "user": 7, "content_type": 14, "object_id": "3235f294-fc69-43ca-88ee-5d12c29b5c26", "object_repr": "Fiji (FJ)", "action_flag": 1, "change_message": "[{\"added\": {}}]"}}, {"model": "admin.logentry", "pk": 92, "fields": {"action_time": "2023-08-20T13:47:57.591Z", "user": 7, "content_type": 14, "object_id": "4a657863-ace3-4cb8-a4fc-05778992e228", "object_repr": "Finland (FI)", "action_flag": 1, "change_message": "[{\"added\": {}}]"}}, {"model": "admin.logentry", "pk": 93, "fields": {"action_time": "2023-08-20T13:48:45.279Z", "user": 7, "content_type": 14, "object_id": "ceafb37d-d7df-4371-997a-74f827e8b5f7", "object_repr": "France (FR)", "action_flag": 1, "change_message": "[{\"added\": {}}]"}}, {"model": "admin.logentry", "pk": 94, "fields": {"action_time": "2023-08-20T13:49:24.743Z", "user": 7, "content_type": 14, "object_id": "34daa3b9-1cbd-4ccc-90b1-c585d9136245", "object_repr": "French Guiana (GF)", "action_flag": 1, "change_message": "[{\"added\": {}}]"}}, {"model": "admin.logentry", "pk": 95, "fields": {"action_time": "2023-08-20T13:50:28.144Z", "user": 7, "content_type": 14, "object_id": "e912b77f-fff2-4b2a-9878-5ade59bc4b64", "object_repr": "French Polynesia (PF)", "action_flag": 1, "change_message": "[{\"added\": {}}]"}}, {"model": "admin.logentry", "pk": 96, "fields": {"action_time": "2023-08-20T13:51:54.620Z", "user": 7, "content_type": 14, "object_id": "c695f30f-e057-4012-a415-6f1b388d5358", "object_repr": "Gabon (GA)", "action_flag": 1, "change_message": "[{\"added\": {}}]"}}, {"model": "admin.logentry", "pk": 97, "fields": {"action_time": "2023-08-20T13:52:29.565Z", "user": 7, "content_type": 14, "object_id": "64fa0077-1e93-49d5-9b2e-8a6e883519ed", "object_repr": "Gambia (GM)", "action_flag": 1, "change_message": "[{\"added\": {}}]"}}, {"model": "admin.logentry", "pk": 98, "fields": {"action_time": "2023-08-20T13:53:52.387Z", "user": 7, "content_type": 14, "object_id": "731b8af0-9624-44aa-9bd0-407e9c759830", "object_repr": "Georgia (GE)", "action_flag": 1, "change_message": "[{\"added\": {}}]"}}, {"model": "admin.logentry", "pk": 99, "fields": {"action_time": "2023-08-20T13:54:31.386Z", "user": 7, "content_type": 14, "object_id": "144b5f17-08fc-464b-8af6-6d194b6b88cd", "object_repr": "Germany (DE)", "action_flag": 1, "change_message": "[{\"added\": {}}]"}}, {"model": "admin.logentry", "pk": 100, "fields": {"action_time": "2023-08-20T13:55:14.703Z", "user": 7, "content_type": 14, "object_id": "3b3c3660-0251-4d7d-a116-f9268ed547af", "object_repr": "Ghana (GH)", "action_flag": 1, "change_message": "[{\"added\": {}}]"}}, {"model": "admin.logentry", "pk": 101, "fields": {"action_time": "2023-08-20T13:55:55.524Z", "user": 7, "content_type": 14, "object_id": "7d35f5ba-4cdc-4047-9103-59c0b667a968", "object_repr": "Gibraltar (GI)", "action_flag": 1, "change_message": "[{\"added\": {}}]"}}, {"model": "admin.logentry", "pk": 102, "fields": {"action_time": "2023-08-20T13:56:35.416Z", "user": 7, "content_type": 14, "object_id": "492cd2ec-47b6-4565-bae0-0c84174d329b", "object_repr": "Greece (GR)", "action_flag": 1, "change_message": "[{\"added\": {}}]"}}, {"model": "admin.logentry", "pk": 103, "fields": {"action_time": "2023-08-20T13:57:07.308Z", "user": 7, "content_type": 14, "object_id": "40c3d4b4-409e-475c-9389-0aa6febfe4aa", "object_repr": "Greenland (GL)", "action_flag": 1, "change_message": "[{\"added\": {}}]"}}, {"model": "admin.logentry", "pk": 104, "fields": {"action_time": "2023-08-20T13:57:48.319Z", "user": 7, "content_type": 14, "object_id": "e958a18a-0e3f-40bb-b124-ac3d888453da", "object_repr": "Grenada (GD)", "action_flag": 1, "change_message": "[{\"added\": {}}]"}}, {"model": "admin.logentry", "pk": 105, "fields": {"action_time": "2023-08-20T13:58:26.655Z", "user": 7, "content_type": 14, "object_id": "db2bc5af-e5cb-422d-9c60-c45ba27aa44a", "object_repr": "Guadeloupe (GP)", "action_flag": 1, "change_message": "[{\"added\": {}}]"}}, {"model": "admin.logentry", "pk": 106, "fields": {"action_time": "2023-08-20T13:59:11.869Z", "user": 7, "content_type": 14, "object_id": "eae3c507-39d9-4709-a112-609b13be38ac", "object_repr": "Guam (GU)", "action_flag": 1, "change_message": "[{\"added\": {}}]"}}, {"model": "admin.logentry", "pk": 107, "fields": {"action_time": "2023-08-20T13:59:48.934Z", "user": 7, "content_type": 14, "object_id": "292a6f7b-c19e-4724-b35d-5154ac7bb49a", "object_repr": "Guatemala (GT)", "action_flag": 1, "change_message": "[{\"added\": {}}]"}}, {"model": "admin.logentry", "pk": 108, "fields": {"action_time": "2023-08-20T14:00:25.409Z", "user": 7, "content_type": 14, "object_id": "6deaa59f-0326-4755-a5bf-6a995cad28a2", "object_repr": "Guernsey (GG)", "action_flag": 1, "change_message": "[{\"added\": {}}]"}}, {"model": "admin.logentry", "pk": 109, "fields": {"action_time": "2023-08-20T14:01:14.797Z", "user": 7, "content_type": 14, "object_id": "82235b1c-3414-4bf1-852d-a69f34daed00", "object_repr": "Guinea (GN)", "action_flag": 1, "change_message": "[{\"added\": {}}]"}}, {"model": "admin.logentry", "pk": 110, "fields": {"action_time": "2023-08-20T14:01:50.582Z", "user": 7, "content_type": 14, "object_id": "6ccd2559-a980-46fd-8cff-62ca718bf0a7", "object_repr": "Guinea-Bissau (GW)", "action_flag": 1, "change_message": "[{\"added\": {}}]"}}, {"model": "admin.logentry", "pk": 111, "fields": {"action_time": "2023-08-20T14:02:22.828Z", "user": 7, "content_type": 14, "object_id": "52346710-4309-4847-aa6c-82732c9b3e61", "object_repr": "Guyana (GY)", "action_flag": 1, "change_message": "[{\"added\": {}}]"}}, {"model": "admin.logentry", "pk": 112, "fields": {"action_time": "2023-08-20T14:02:59.338Z", "user": 7, "content_type": 14, "object_id": "62ebac63-54b9-48ad-9736-cd9144bcfaab", "object_repr": "Haiti (HT)", "action_flag": 1, "change_message": "[{\"added\": {}}]"}}, {"model": "admin.logentry", "pk": 113, "fields": {"action_time": "2023-08-20T14:04:26.449Z", "user": 7, "content_type": 14, "object_id": "d93f7ae9-02d7-4785-9adc-fe6ef8539a5c", "object_repr": "Holy See (VA)", "action_flag": 1, "change_message": "[{\"added\": {}}]"}}, {"model": "admin.logentry", "pk": 114, "fields": {"action_time": "2023-08-20T14:04:58.850Z", "user": 7, "content_type": 14, "object_id": "6dffbf90-9d14-4c8d-b3b2-bc9dbd38c7dc", "object_repr": "Honduras (HN)", "action_flag": 1, "change_message": "[{\"added\": {}}]"}}, {"model": "admin.logentry", "pk": 115, "fields": {"action_time": "2023-08-20T14:05:29.127Z", "user": 7, "content_type": 14, "object_id": "9168ffd6-2447-4785-8ba5-1d8718c9c4d8", "object_repr": "Hungary (HU)", "action_flag": 1, "change_message": "[{\"added\": {}}]"}}, {"model": "admin.logentry", "pk": 116, "fields": {"action_time": "2023-08-20T14:10:54.148Z", "user": 7, "content_type": 14, "object_id": "b0985c02-2734-46aa-90e6-5f22a676bf02", "object_repr": "Iceland (IS)", "action_flag": 1, "change_message": "[{\"added\": {}}]"}}, {"model": "admin.logentry", "pk": 117, "fields": {"action_time": "2023-08-20T14:11:22.719Z", "user": 7, "content_type": 14, "object_id": "ce800748-d77c-4589-98a2-9ddf72368ed6", "object_repr": "India (IN)", "action_flag": 1, "change_message": "[{\"added\": {}}]"}}, {"model": "admin.logentry", "pk": 118, "fields": {"action_time": "2023-08-20T14:12:07.462Z", "user": 7, "content_type": 14, "object_id": "904424cd-5162-4167-a804-bb39c9be5dc3", "object_repr": "Indonesia (ID)", "action_flag": 1, "change_message": "[{\"added\": {}}]"}}, {"model": "admin.logentry", "pk": 119, "fields": {"action_time": "2023-08-20T14:12:44.849Z", "user": 7, "content_type": 14, "object_id": "cdfe1815-0dca-4b49-8074-6c286412e747", "object_repr": "Iran (IR)", "action_flag": 1, "change_message": "[{\"added\": {}}]"}}, {"model": "admin.logentry", "pk": 120, "fields": {"action_time": "2023-08-20T14:13:21.335Z", "user": 7, "content_type": 14, "object_id": "24d4f6de-f552-4512-9f92-b2a72bf701bc", "object_repr": "Iraq (IQ)", "action_flag": 1, "change_message": "[{\"added\": {}}]"}}, {"model": "admin.logentry", "pk": 121, "fields": {"action_time": "2023-08-20T14:13:54.795Z", "user": 7, "content_type": 14, "object_id": "9d4dbfea-f10e-4d70-ae8b-e4f91a91ce5e", "object_repr": "Ireland (IE)", "action_flag": 1, "change_message": "[{\"added\": {}}]"}}, {"model": "admin.logentry", "pk": 122, "fields": {"action_time": "2023-08-20T14:14:25.161Z", "user": 7, "content_type": 14, "object_id": "15c1e433-076f-4c77-9d87-2fa647890eb5", "object_repr": "Isle of Man (IM)", "action_flag": 1, "change_message": "[{\"added\": {}}]"}}, {"model": "admin.logentry", "pk": 123, "fields": {"action_time": "2023-08-20T14:15:32.238Z", "user": 7, "content_type": 14, "object_id": "881a37fc-f601-42de-ae21-49898a164e2d", "object_repr": "Israel (IL)", "action_flag": 1, "change_message": "[{\"added\": {}}]"}}, {"model": "admin.logentry", "pk": 124, "fields": {"action_time": "2023-08-20T14:16:10.194Z", "user": 7, "content_type": 14, "object_id": "c4f10fbe-faf6-4d00-a041-aac67bb46f7e", "object_repr": "Italy (IT)", "action_flag": 1, "change_message": "[{\"added\": {}}]"}}, {"model": "admin.logentry", "pk": 125, "fields": {"action_time": "2023-08-20T14:16:43.788Z", "user": 7, "content_type": 14, "object_id": "c901d604-196c-4e42-9a1e-a8baca6a067f", "object_repr": "Jamaica (JM)", "action_flag": 1, "change_message": "[{\"added\": {}}]"}}, {"model": "admin.logentry", "pk": 126, "fields": {"action_time": "2023-08-20T14:17:17.317Z", "user": 7, "content_type": 14, "object_id": "407fa6d6-b435-4ec6-81e8-5e58c95d81c3", "object_repr": "Japan (JP)", "action_flag": 1, "change_message": "[{\"added\": {}}]"}}, {"model": "admin.logentry", "pk": 127, "fields": {"action_time": "2023-08-20T14:17:50.561Z", "user": 7, "content_type": 14, "object_id": "13cc52b0-8e5c-43e4-b089-a6c814b03ca7", "object_repr": "Jersey (JE)", "action_flag": 1, "change_message": "[{\"added\": {}}]"}}, {"model": "admin.logentry", "pk": 128, "fields": {"action_time": "2023-08-20T14:18:18.238Z", "user": 7, "content_type": 14, "object_id": "c2931bab-e6ee-41ea-a43b-69f64a07fc66", "object_repr": "Jordan (JO)", "action_flag": 1, "change_message": "[{\"added\": {}}]"}}, {"model": "admin.logentry", "pk": 129, "fields": {"action_time": "2023-08-20T14:19:21.951Z", "user": 7, "content_type": 14, "object_id": "5666eb60-a478-4f08-b970-ad39be6a9814", "object_repr": "Kazakhstan (KZ)", "action_flag": 1, "change_message": "[{\"added\": {}}]"}}, {"model": "admin.logentry", "pk": 130, "fields": {"action_time": "2023-08-20T14:19:57.064Z", "user": 7, "content_type": 14, "object_id": "724c07ad-b1a9-4325-b6d0-be3d3de5756b", "object_repr": "Kenya (KE)", "action_flag": 1, "change_message": "[{\"added\": {}}]"}}, {"model": "admin.logentry", "pk": 131, "fields": {"action_time": "2023-08-20T14:20:42.063Z", "user": 7, "content_type": 14, "object_id": "aa47fe2c-4090-43e1-8c82-3d05774559b5", "object_repr": "Kiribati (KI)", "action_flag": 1, "change_message": "[{\"added\": {}}]"}}, {"model": "admin.logentry", "pk": 132, "fields": {"action_time": "2023-08-20T14:21:55.514Z", "user": 7, "content_type": 14, "object_id": "fdd63e91-5928-45a7-8e04-97b88472db76", "object_repr": "North Korea (KP)", "action_flag": 1, "change_message": "[{\"added\": {}}]"}}, {"model": "admin.logentry", "pk": 133, "fields": {"action_time": "2023-08-20T14:22:29.411Z", "user": 7, "content_type": 14, "object_id": "1213fae0-914c-43bc-b61f-3868a514b834", "object_repr": "South Korea (KR)", "action_flag": 1, "change_message": "[{\"added\": {}}]"}}, {"model": "admin.logentry", "pk": 134, "fields": {"action_time": "2023-08-20T14:23:12.601Z", "user": 7, "content_type": 14, "object_id": "0058b46b-6ffe-4e88-81f4-82c22800c5aa", "object_repr": "Kuwait (KW)", "action_flag": 1, "change_message": "[{\"added\": {}}]"}}, {"model": "admin.logentry", "pk": 135, "fields": {"action_time": "2023-08-20T14:23:33.021Z", "user": 7, "content_type": 14, "object_id": "aa2f00ae-a3d7-41ab-b910-1355d0b14db2", "object_repr": "Kyrgyzstan (KG)", "action_flag": 1, "change_message": "[{\"added\": {}}]"}}, {"model": "admin.logentry", "pk": 136, "fields": {"action_time": "2023-08-20T14:24:30.901Z", "user": 7, "content_type": 14, "object_id": "7924a347-a4f1-4226-9542-741fecf10d90", "object_repr": "Latvia (LV)", "action_flag": 1, "change_message": "[{\"added\": {}}]"}}, {"model": "admin.logentry", "pk": 137, "fields": {"action_time": "2023-08-20T14:25:10.509Z", "user": 7, "content_type": 14, "object_id": "eeeab09a-7a60-4ddc-9689-10f3f8da356a", "object_repr": "Lebanon (LB)", "action_flag": 1, "change_message": "[{\"added\": {}}]"}}, {"model": "admin.logentry", "pk": 138, "fields": {"action_time": "2023-08-20T14:25:36.383Z", "user": 7, "content_type": 14, "object_id": "e6922796-f76d-473d-9147-3a72b264af4a", "object_repr": "Lesotho (LS)", "action_flag": 1, "change_message": "[{\"added\": {}}]"}}, {"model": "admin.logentry", "pk": 139, "fields": {"action_time": "2023-08-20T14:26:29.043Z", "user": 7, "content_type": 14, "object_id": "0db85c3a-53ef-415b-8ea8-ebbe294549a9", "object_repr": "Liberia (LR)", "action_flag": 1, "change_message": "[{\"added\": {}}]"}}, {"model": "admin.logentry", "pk": 140, "fields": {"action_time": "2023-08-20T14:27:02.955Z", "user": 7, "content_type": 14, "object_id": "9c9f034a-f2a8-438f-9983-4f24a7dba71a", "object_repr": "Libya (LY)", "action_flag": 1, "change_message": "[{\"added\": {}}]"}}, {"model": "admin.logentry", "pk": 141, "fields": {"action_time": "2023-08-20T14:27:42.446Z", "user": 7, "content_type": 14, "object_id": "548ed6a6-3469-4876-b711-828107e75fb6", "object_repr": "Liechtenstein (LI)", "action_flag": 1, "change_message": "[{\"added\": {}}]"}}, {"model": "admin.logentry", "pk": 142, "fields": {"action_time": "2023-08-20T14:29:03.757Z", "user": 7, "content_type": 14, "object_id": "a35803d9-9d54-4d5b-b4d3-3b086726af9f", "object_repr": "Lithuania (LT)", "action_flag": 1, "change_message": "[{\"added\": {}}]"}}, {"model": "admin.logentry", "pk": 143, "fields": {"action_time": "2023-08-20T14:29:54.104Z", "user": 7, "content_type": 14, "object_id": "f1cf54db-35d3-440b-899e-f60b4ed28db0", "object_repr": "Luxembourg (LU)", "action_flag": 1, "change_message": "[{\"added\": {}}]"}}, {"model": "admin.logentry", "pk": 144, "fields": {"action_time": "2023-08-20T14:38:35.930Z", "user": 7, "content_type": 14, "object_id": "24cd85c8-8e8c-4e81-809b-ba1a30ca73c3", "object_repr": "Madagascar (MG)", "action_flag": 1, "change_message": "[{\"added\": {}}]"}}, {"model": "admin.logentry", "pk": 145, "fields": {"action_time": "2023-08-20T14:39:23.708Z", "user": 7, "content_type": 14, "object_id": "c1859f43-7e36-4950-9916-029e01af2a35", "object_repr": "Malawi (MW)", "action_flag": 1, "change_message": "[{\"added\": {}}]"}}, {"model": "admin.logentry", "pk": 146, "fields": {"action_time": "2023-08-20T14:41:21.942Z", "user": 7, "content_type": 14, "object_id": "0dd01b81-5fc7-4eec-94ee-dfacd5b4b0c4", "object_repr": "Malaysia (MY)", "action_flag": 1, "change_message": "[{\"added\": {}}]"}}, {"model": "admin.logentry", "pk": 147, "fields": {"action_time": "2023-08-20T14:41:53.907Z", "user": 7, "content_type": 14, "object_id": "a779b6f7-d674-4599-b2f0-2c2e2efd7eb6", "object_repr": "Maldives (MV)", "action_flag": 1, "change_message": "[{\"added\": {}}]"}}, {"model": "admin.logentry", "pk": 148, "fields": {"action_time": "2023-08-20T14:42:25.057Z", "user": 7, "content_type": 14, "object_id": "ce1b5389-9cbe-4b7d-8074-be4eee7cdf7a", "object_repr": "Mali (ML)", "action_flag": 1, "change_message": "[{\"added\": {}}]"}}, {"model": "admin.logentry", "pk": 149, "fields": {"action_time": "2023-08-20T14:43:17.626Z", "user": 7, "content_type": 14, "object_id": "ec9f3159-219a-4c05-a24e-44da84dde68f", "object_repr": "Malta (MT)", "action_flag": 1, "change_message": "[{\"added\": {}}]"}}, {"model": "admin.logentry", "pk": 150, "fields": {"action_time": "2023-08-20T14:43:42.930Z", "user": 7, "content_type": 14, "object_id": "fde9ad8a-d661-4fab-bf2c-77728cc23d4a", "object_repr": "Marshall Islands (MH)", "action_flag": 1, "change_message": "[{\"added\": {}}]"}}, {"model": "admin.logentry", "pk": 151, "fields": {"action_time": "2023-08-20T14:44:20.993Z", "user": 7, "content_type": 14, "object_id": "83bf805e-fae9-4ea1-9164-c481908728f4", "object_repr": "Martinique (MQ)", "action_flag": 1, "change_message": "[{\"added\": {}}]"}}, {"model": "admin.logentry", "pk": 152, "fields": {"action_time": "2023-08-20T14:45:40.056Z", "user": 7, "content_type": 14, "object_id": "bc27def9-3c1e-4857-ab25-62ef822b3042", "object_repr": "Mauritania (MR)", "action_flag": 1, "change_message": "[{\"added\": {}}]"}}, {"model": "admin.logentry", "pk": 153, "fields": {"action_time": "2023-08-20T14:46:10.518Z", "user": 7, "content_type": 14, "object_id": "31c3e327-1abc-46d5-9327-1566039d0389", "object_repr": "Mauritius (MU)", "action_flag": 1, "change_message": "[{\"added\": {}}]"}}, {"model": "admin.logentry", "pk": 154, "fields": {"action_time": "2023-08-20T14:46:55.457Z", "user": 7, "content_type": 14, "object_id": "b0b5a856-41bc-4be2-92df-8d58ae819109", "object_repr": "Mayotte (YT)", "action_flag": 1, "change_message": "[{\"added\": {}}]"}}, {"model": "admin.logentry", "pk": 155, "fields": {"action_time": "2023-08-20T14:47:33.058Z", "user": 7, "content_type": 14, "object_id": "d5eaf56c-55d6-45dc-ac74-0af43d631042", "object_repr": "Mexico (MX)", "action_flag": 1, "change_message": "[{\"added\": {}}]"}}, {"model": "admin.logentry", "pk": 156, "fields": {"action_time": "2023-08-20T14:48:10.586Z", "user": 7, "content_type": 14, "object_id": "bced6490-a02e-4b9e-9f98-5a76ec36899c", "object_repr": "Micronesia (Federated States of) (FM)", "action_flag": 1, "change_message": "[{\"added\": {}}]"}}, {"model": "admin.logentry", "pk": 157, "fields": {"action_time": "2023-08-20T14:48:35.164Z", "user": 7, "content_type": 14, "object_id": "44f5af89-a7e7-4eb9-82eb-882f78e3f7a8", "object_repr": "Moldova (MD)", "action_flag": 1, "change_message": "[{\"added\": {}}]"}}, {"model": "admin.logentry", "pk": 158, "fields": {"action_time": "2023-08-20T14:49:03.784Z", "user": 7, "content_type": 14, "object_id": "9764487b-7db8-4359-b3a1-2943d173a9ac", "object_repr": "Monaco (MC)", "action_flag": 1, "change_message": "[{\"added\": {}}]"}}, {"model": "admin.logentry", "pk": 159, "fields": {"action_time": "2023-08-20T14:49:30.847Z", "user": 7, "content_type": 14, "object_id": "29e96763-04f9-4cbf-b451-3820734eda10", "object_repr": "Mongolia (MN)", "action_flag": 1, "change_message": "[{\"added\": {}}]"}}, {"model": "admin.logentry", "pk": 160, "fields": {"action_time": "2023-08-20T14:49:51.927Z", "user": 7, "content_type": 14, "object_id": "a9efcf22-507c-47c5-b484-414073b316ad", "object_repr": "Montenegro (ME)", "action_flag": 1, "change_message": "[{\"added\": {}}]"}}, {"model": "admin.logentry", "pk": 161, "fields": {"action_time": "2023-08-20T14:50:46.140Z", "user": 7, "content_type": 14, "object_id": "5882e1cc-ea0d-4225-bc3d-6f751049df22", "object_repr": "Montserrat (MS)", "action_flag": 1, "change_message": "[{\"added\": {}}]"}}, {"model": "admin.logentry", "pk": 162, "fields": {"action_time": "2023-08-20T14:51:10.291Z", "user": 7, "content_type": 14, "object_id": "386f6d6b-64bd-417b-b09b-2ffec9d90e19", "object_repr": "Morocco (MA)", "action_flag": 1, "change_message": "[{\"added\": {}}]"}}, {"model": "admin.logentry", "pk": 163, "fields": {"action_time": "2023-08-20T14:51:37.701Z", "user": 7, "content_type": 14, "object_id": "9e9b4382-0cbb-4228-8cd3-e10a121619b8", "object_repr": "Mozambique (MZ)", "action_flag": 1, "change_message": "[{\"added\": {}}]"}}, {"model": "admin.logentry", "pk": 164, "fields": {"action_time": "2023-08-20T14:51:59.532Z", "user": 7, "content_type": 14, "object_id": "555ae372-0336-468e-a128-d52008ea8248", "object_repr": "Myanmar (MM)", "action_flag": 1, "change_message": "[{\"added\": {}}]"}}, {"model": "admin.logentry", "pk": 165, "fields": {"action_time": "2023-08-20T14:52:30.526Z", "user": 7, "content_type": 14, "object_id": "6983e398-d740-4a29-aa3c-fa8d3432199a", "object_repr": "Namibia (NA)", "action_flag": 1, "change_message": "[{\"added\": {}}]"}}, {"model": "admin.logentry", "pk": 166, "fields": {"action_time": "2023-08-20T14:52:59.245Z", "user": 7, "content_type": 14, "object_id": "c333cf45-ada7-4b13-a162-c63c4713cb84", "object_repr": "Nauru (NR)", "action_flag": 1, "change_message": "[{\"added\": {}}]"}}, {"model": "admin.logentry", "pk": 167, "fields": {"action_time": "2023-08-20T14:53:20.555Z", "user": 7, "content_type": 14, "object_id": "23bb02e4-01c6-4633-aa34-2b0fa9f738dd", "object_repr": "Nepal (NP)", "action_flag": 1, "change_message": "[{\"added\": {}}]"}}, {"model": "admin.logentry", "pk": 168, "fields": {"action_time": "2023-08-20T14:53:51.987Z", "user": 7, "content_type": 14, "object_id": "5bc1cc14-d118-4b5d-982e-a99d5d7a6b77", "object_repr": "Netherlands (NL)", "action_flag": 1, "change_message": "[{\"added\": {}}]"}}, {"model": "admin.logentry", "pk": 169, "fields": {"action_time": "2023-08-20T14:54:29.720Z", "user": 7, "content_type": 14, "object_id": "0c792462-c2f9-47f4-93ff-40bd6aeefe2b", "object_repr": "New Caledonia (NC)", "action_flag": 1, "change_message": "[{\"added\": {}}]"}}, {"model": "admin.logentry", "pk": 170, "fields": {"action_time": "2023-08-20T14:55:00.068Z", "user": 7, "content_type": 14, "object_id": "2f1885e5-4a0d-4941-bfb6-6d566d78258c", "object_repr": "New Zealand (NZ)", "action_flag": 1, "change_message": "[{\"added\": {}}]"}}, {"model": "admin.logentry", "pk": 171, "fields": {"action_time": "2023-08-20T14:56:04.363Z", "user": 7, "content_type": 14, "object_id": "f39402b3-2d80-47d5-9d0d-8971f137cd34", "object_repr": "Nicaragua (NI)", "action_flag": 1, "change_message": "[{\"added\": {}}]"}}, {"model": "admin.logentry", "pk": 172, "fields": {"action_time": "2023-08-20T14:56:31.865Z", "user": 7, "content_type": 14, "object_id": "749ff06e-323b-428c-8e36-b47bc3119726", "object_repr": "Niger (NE)", "action_flag": 1, "change_message": "[{\"added\": {}}]"}}, {"model": "admin.logentry", "pk": 173, "fields": {"action_time": "2023-08-20T14:56:58.444Z", "user": 7, "content_type": 14, "object_id": "58f263b0-65e5-4235-8a12-1c6ee3de8234", "object_repr": "Nigeria (NG)", "action_flag": 1, "change_message": "[{\"added\": {}}]"}}, {"model": "admin.logentry", "pk": 174, "fields": {"action_time": "2023-08-20T14:57:50.162Z", "user": 7, "content_type": 14, "object_id": "23d3f32b-db4b-47a5-994e-cd7e6e7446b0", "object_repr": "Niue (NU)", "action_flag": 1, "change_message": "[{\"added\": {}}]"}}, {"model": "admin.logentry", "pk": 175, "fields": {"action_time": "2023-08-20T14:58:22.445Z", "user": 7, "content_type": 14, "object_id": "83f4a384-ed2c-48e4-a886-508349f872e7", "object_repr": "Norfolk Island (NF)", "action_flag": 1, "change_message": "[{\"added\": {}}]"}}, {"model": "admin.logentry", "pk": 176, "fields": {"action_time": "2023-08-20T15:13:45.742Z", "user": 7, "content_type": 14, "object_id": "aba63a10-dad0-494a-91fb-34c83935a1ef", "object_repr": "Northern Mariana Islands (MP)", "action_flag": 1, "change_message": "[{\"added\": {}}]"}}, {"model": "admin.logentry", "pk": 177, "fields": {"action_time": "2023-08-20T15:14:15.194Z", "user": 7, "content_type": 14, "object_id": "bb5aa4ee-b958-4da2-95de-54bad6488aa7", "object_repr": "Norway (NO)", "action_flag": 1, "change_message": "[{\"added\": {}}]"}}, {"model": "admin.logentry", "pk": 178, "fields": {"action_time": "2023-08-20T15:15:01.198Z", "user": 7, "content_type": 14, "object_id": "7b5ba032-05d4-480d-9508-b455c6cf7125", "object_repr": "Oman (OM)", "action_flag": 1, "change_message": "[{\"added\": {}}]"}}, {"model": "admin.logentry", "pk": 179, "fields": {"action_time": "2023-08-20T15:15:26.469Z", "user": 7, "content_type": 14, "object_id": "2f027c8b-45a6-44dc-a95e-3bdd7ce10bf9", "object_repr": "Pakistan (PK)", "action_flag": 1, "change_message": "[{\"added\": {}}]"}}, {"model": "admin.logentry", "pk": 180, "fields": {"action_time": "2023-08-20T15:15:58.200Z", "user": 7, "content_type": 14, "object_id": "a6be655d-28af-4c24-b32a-aa552168dd89", "object_repr": "Palau (PW)", "action_flag": 1, "change_message": "[{\"added\": {}}]"}}, {"model": "admin.logentry", "pk": 181, "fields": {"action_time": "2023-08-20T15:16:28.303Z", "user": 7, "content_type": 14, "object_id": "053d309d-5aa0-4e75-9a12-dad8ff7a83a8", "object_repr": "Palestine, State of (PS)", "action_flag": 1, "change_message": "[{\"added\": {}}]"}}, {"model": "admin.logentry", "pk": 182, "fields": {"action_time": "2023-08-20T15:17:03.762Z", "user": 7, "content_type": 14, "object_id": "b13d6fc7-c1fa-42c5-bd9d-d6f361d83d14", "object_repr": "Panama (PA)", "action_flag": 1, "change_message": "[{\"added\": {}}]"}}, {"model": "admin.logentry", "pk": 183, "fields": {"action_time": "2023-08-20T15:17:35.126Z", "user": 7, "content_type": 14, "object_id": "adf1dea6-a8da-441c-9bd8-7a3dcb0107fe", "object_repr": "Papua New Guinea (PG)", "action_flag": 1, "change_message": "[{\"added\": {}}]"}}, {"model": "admin.logentry", "pk": 184, "fields": {"action_time": "2023-08-20T15:18:20.401Z", "user": 7, "content_type": 14, "object_id": "d1696507-a051-4a10-b68c-e31b008dad29", "object_repr": "Paraguay (PY)", "action_flag": 1, "change_message": "[{\"added\": {}}]"}}, {"model": "admin.logentry", "pk": 185, "fields": {"action_time": "2023-08-20T15:18:58.799Z", "user": 7, "content_type": 14, "object_id": "34c25479-2413-4c6d-9149-d898d590b9ca", "object_repr": "Peru (PE)", "action_flag": 1, "change_message": "[{\"added\": {}}]"}}, {"model": "admin.logentry", "pk": 186, "fields": {"action_time": "2023-08-20T15:19:26.482Z", "user": 7, "content_type": 14, "object_id": "a8b2ab30-c8ed-4f72-a971-0a1249dc2b3b", "object_repr": "Philippines (PH)", "action_flag": 1, "change_message": "[{\"added\": {}}]"}}, {"model": "admin.logentry", "pk": 187, "fields": {"action_time": "2023-08-20T15:19:50.048Z", "user": 7, "content_type": 14, "object_id": "59c8c81f-b0f1-4c1e-ace2-2ec09f7c1ac7", "object_repr": "Pitcairn (PN)", "action_flag": 1, "change_message": "[{\"added\": {}}]"}}, {"model": "admin.logentry", "pk": 188, "fields": {"action_time": "2023-08-20T15:20:22.515Z", "user": 7, "content_type": 14, "object_id": "be93de2f-b9d2-4fb1-8fb7-9788de41a486", "object_repr": "Poland (PL)", "action_flag": 1, "change_message": "[{\"added\": {}}]"}}, {"model": "admin.logentry", "pk": 189, "fields": {"action_time": "2023-08-20T15:20:41.138Z", "user": 7, "content_type": 14, "object_id": "248c6a7f-7079-47a3-a9b4-b4242304cf3b", "object_repr": "Portugal (PT)", "action_flag": 1, "change_message": "[{\"added\": {}}]"}}, {"model": "admin.logentry", "pk": 190, "fields": {"action_time": "2023-08-20T15:21:16.676Z", "user": 7, "content_type": 14, "object_id": "0db8c3ba-fd42-49b1-a65c-284f241b78b3", "object_repr": "Puerto Rico (PR)", "action_flag": 1, "change_message": "[{\"added\": {}}]"}}, {"model": "admin.logentry", "pk": 191, "fields": {"action_time": "2023-08-20T15:21:40.283Z", "user": 7, "content_type": 14, "object_id": "64595b25-d5c4-478e-a1e6-70fe0347b7d2", "object_repr": "Qatar (QA)", "action_flag": 1, "change_message": "[{\"added\": {}}]"}}, {"model": "admin.logentry", "pk": 192, "fields": {"action_time": "2023-08-20T15:21:58.713Z", "user": 7, "content_type": 14, "object_id": "ddfbfc54-7dfe-4a7b-bfcc-5b3cbe6a78a3", "object_repr": "Réunion (RE)", "action_flag": 1, "change_message": "[{\"added\": {}}]"}}, {"model": "admin.logentry", "pk": 193, "fields": {"action_time": "2023-08-20T15:22:24.821Z", "user": 7, "content_type": 14, "object_id": "a0953ac1-943b-4e07-b43a-720ff659b4f5", "object_repr": "Romania (RO)", "action_flag": 1, "change_message": "[{\"added\": {}}]"}}, {"model": "admin.logentry", "pk": 194, "fields": {"action_time": "2023-08-20T15:22:59.300Z", "user": 7, "content_type": 14, "object_id": "ad7ff7cf-222b-4093-aa3e-427229f7c8ae", "object_repr": "Russia (RU)", "action_flag": 1, "change_message": "[{\"added\": {}}]"}}, {"model": "admin.logentry", "pk": 195, "fields": {"action_time": "2023-08-20T15:23:32.383Z", "user": 7, "content_type": 14, "object_id": "62ff6ea0-a686-477d-aa55-8783d06d580e", "object_repr": "Rwanda (RW)", "action_flag": 1, "change_message": "[{\"added\": {}}]"}}, {"model": "admin.logentry", "pk": 196, "fields": {"action_time": "2023-08-20T15:24:29.664Z", "user": 7, "content_type": 14, "object_id": "f6b6f2c9-ba57-4a05-a166-006c9083d064", "object_repr": "Saint Barthélemy (BL)", "action_flag": 1, "change_message": "[{\"added\": {}}]"}}, {"model": "admin.logentry", "pk": 197, "fields": {"action_time": "2023-08-20T15:24:59.701Z", "user": 7, "content_type": 14, "object_id": "01556df6-636a-4ea8-a260-44e763b1cebf", "object_repr": "Saint Helena, Ascension and Tristan da Cunha (SH)", "action_flag": 1, "change_message": "[{\"added\": {}}]"}}, {"model": "admin.logentry", "pk": 198, "fields": {"action_time": "2023-08-20T15:25:41.550Z", "user": 7, "content_type": 14, "object_id": "0dc031f4-2b86-4486-ae77-29c5f06845b3", "object_repr": "Saint Kitts and Nevis (KN)", "action_flag": 1, "change_message": "[{\"added\": {}}]"}}, {"model": "admin.logentry", "pk": 199, "fields": {"action_time": "2023-08-20T15:26:40.785Z", "user": 7, "content_type": 14, "object_id": "fee7634e-ce22-4e19-a0c5-12bdf9614203", "object_repr": "Saint Lucia (LC)", "action_flag": 1, "change_message": "[{\"added\": {}}]"}}, {"model": "admin.logentry", "pk": 200, "fields": {"action_time": "2023-08-20T15:27:53.491Z", "user": 7, "content_type": 14, "object_id": "227c95e1-ff82-4e3d-9ff5-997b37b31796", "object_repr": "Saint Pierre and Miquelon (PM)", "action_flag": 1, "change_message": "[{\"added\": {}}]"}}, {"model": "admin.logentry", "pk": 201, "fields": {"action_time": "2023-08-20T15:28:42.160Z", "user": 7, "content_type": 14, "object_id": "bbc0674d-656e-45bf-86d8-08cf74d0af72", "object_repr": "Saint Vincent and the Grenadines (VC)", "action_flag": 1, "change_message": "[{\"added\": {}}]"}}, {"model": "admin.logentry", "pk": 202, "fields": {"action_time": "2023-08-20T15:29:09.754Z", "user": 7, "content_type": 14, "object_id": "680f5d7a-2c70-42d5-a308-8c6a2e2d0565", "object_repr": "Samoa (WS)", "action_flag": 1, "change_message": "[{\"added\": {}}]"}}, {"model": "admin.logentry", "pk": 203, "fields": {"action_time": "2023-08-20T15:29:39.554Z", "user": 7, "content_type": 14, "object_id": "ada951d8-92c1-43bd-b3e8-c70cff5a457c", "object_repr": "San Marino (SM)", "action_flag": 1, "change_message": "[{\"added\": {}}]"}}, {"model": "admin.logentry", "pk": 204, "fields": {"action_time": "2023-08-20T15:30:16.449Z", "user": 7, "content_type": 14, "object_id": "bc688b9f-3745-4919-bb7c-ef673560b1e4", "object_repr": "Sao Tome and Principe (ST)", "action_flag": 1, "change_message": "[{\"added\": {}}]"}}, {"model": "admin.logentry", "pk": 205, "fields": {"action_time": "2023-08-20T15:30:39.992Z", "user": 7, "content_type": 14, "object_id": "e2ddfd52-d9fe-4fbd-a2b7-784037986b7c", "object_repr": "Saudi Arabia (SA)", "action_flag": 1, "change_message": "[{\"added\": {}}]"}}, {"model": "admin.logentry", "pk": 206, "fields": {"action_time": "2023-08-20T15:31:04.509Z", "user": 7, "content_type": 14, "object_id": "c070672d-d04a-446c-b3ae-f7888359780a", "object_repr": "Senegal (SN)", "action_flag": 1, "change_message": "[{\"added\": {}}]"}}, {"model": "admin.logentry", "pk": 207, "fields": {"action_time": "2023-08-20T15:31:39.064Z", "user": 7, "content_type": 14, "object_id": "d820ade2-3d10-4491-ba09-3842a4957fd6", "object_repr": "Serbia (RS)", "action_flag": 1, "change_message": "[{\"added\": {}}]"}}, {"model": "admin.logentry", "pk": 208, "fields": {"action_time": "2023-08-20T15:32:11.140Z", "user": 7, "content_type": 14, "object_id": "1807e463-512f-4734-baf8-62542db782bc", "object_repr": "Seychelles (SC)", "action_flag": 1, "change_message": "[{\"added\": {}}]"}}, {"model": "admin.logentry", "pk": 209, "fields": {"action_time": "2023-08-20T15:32:35.690Z", "user": 7, "content_type": 14, "object_id": "f7ef91cc-206c-4bdc-b55a-721daaa36147", "object_repr": "Sierra Leone (SL)", "action_flag": 1, "change_message": "[{\"added\": {}}]"}}, {"model": "admin.logentry", "pk": 210, "fields": {"action_time": "2023-08-20T15:33:04.774Z", "user": 7, "content_type": 14, "object_id": "3bc027c9-61a6-4c7a-937d-66a19eaaa2f5", "object_repr": "Singapore (SG)", "action_flag": 1, "change_message": "[{\"added\": {}}]"}}, {"model": "admin.logentry", "pk": 211, "fields": {"action_time": "2023-08-20T15:33:26.853Z", "user": 7, "content_type": 14, "object_id": "b2c09864-a62b-4fb6-9115-6285f465b84d", "object_repr": "Slovakia (SK)", "action_flag": 1, "change_message": "[{\"added\": {}}]"}}, {"model": "admin.logentry", "pk": 212, "fields": {"action_time": "2023-08-20T15:34:03.565Z", "user": 7, "content_type": 14, "object_id": "1359bf2a-1cd7-4cf9-9bb4-94caacf5a468", "object_repr": "Slovenia (SI)", "action_flag": 1, "change_message": "[{\"added\": {}}]"}}, {"model": "admin.logentry", "pk": 213, "fields": {"action_time": "2023-08-20T15:34:41.199Z", "user": 7, "content_type": 14, "object_id": "38913a5f-ab32-4612-af47-26838baf5cbc", "object_repr": "Solomon Islands (SB)", "action_flag": 1, "change_message": "[{\"added\": {}}]"}}, {"model": "admin.logentry", "pk": 214, "fields": {"action_time": "2023-08-20T15:36:33.382Z", "user": 7, "content_type": 14, "object_id": "c93bc267-0306-411b-80e5-b86968a61d06", "object_repr": "Somalia (SO)", "action_flag": 1, "change_message": "[{\"added\": {}}]"}}, {"model": "admin.logentry", "pk": 215, "fields": {"action_time": "2023-08-20T15:43:46.092Z", "user": 7, "content_type": 14, "object_id": "dbcd3430-9b4a-44fb-aabb-d7fbae28c55e", "object_repr": "South Africa (ZA)", "action_flag": 1, "change_message": "[{\"added\": {}}]"}}, {"model": "admin.logentry", "pk": 216, "fields": {"action_time": "2023-08-20T15:44:27.181Z", "user": 7, "content_type": 14, "object_id": "9ada6444-8360-4946-927f-9ff4d3cbe08d", "object_repr": "South Georgia and the South Sandwich Islands (GS)", "action_flag": 1, "change_message": "[{\"added\": {}}]"}}, {"model": "admin.logentry", "pk": 217, "fields": {"action_time": "2023-08-20T15:45:15.479Z", "user": 7, "content_type": 14, "object_id": "23694d4e-3aad-4019-87d5-660e9957a840", "object_repr": "South Sudan (SS)", "action_flag": 1, "change_message": "[{\"added\": {}}]"}}, {"model": "admin.logentry", "pk": 218, "fields": {"action_time": "2023-08-20T15:46:33.618Z", "user": 7, "content_type": 14, "object_id": "d73566cb-aa22-4d84-9784-642edc2570a7", "object_repr": "Spain (ES)", "action_flag": 1, "change_message": "[{\"added\": {}}]"}}, {"model": "admin.logentry", "pk": 219, "fields": {"action_time": "2023-08-20T15:46:56.545Z", "user": 7, "content_type": 14, "object_id": "65a88007-e7c7-490e-b2c1-c005be3825a9", "object_repr": "Sri Lanka (LK)", "action_flag": 1, "change_message": "[{\"added\": {}}]"}}, {"model": "admin.logentry", "pk": 220, "fields": {"action_time": "2023-08-20T15:47:25.333Z", "user": 7, "content_type": 14, "object_id": "e6f06403-809b-48a3-937c-5315b40c58c7", "object_repr": "Sudan (SD)", "action_flag": 1, "change_message": "[{\"added\": {}}]"}}, {"model": "admin.logentry", "pk": 221, "fields": {"action_time": "2023-08-20T15:49:50.602Z", "user": 7, "content_type": 14, "object_id": "8e006ab4-5677-4f5a-84e3-d4639a0d6311", "object_repr": "Sweden (SE)", "action_flag": 1, "change_message": "[{\"added\": {}}]"}}, {"model": "admin.logentry", "pk": 222, "fields": {"action_time": "2023-08-20T15:50:25.856Z", "user": 7, "content_type": 14, "object_id": "7b16aceb-0a24-46ac-8874-127cbb80744b", "object_repr": "Switzerland (CH)", "action_flag": 1, "change_message": "[{\"added\": {}}]"}}, {"model": "admin.logentry", "pk": 223, "fields": {"action_time": "2023-08-20T15:51:47.535Z", "user": 7, "content_type": 14, "object_id": "7b16aceb-0a24-46ac-8874-127cbb80744b", "object_repr": "Switzerland (CH)", "action_flag": 2, "change_message": "[{\"changed\": {\"fields\": [\"Flag image path\"]}}]"}}, {"model": "admin.logentry", "pk": 224, "fields": {"action_time": "2023-08-20T15:52:23.447Z", "user": 7, "content_type": 14, "object_id": "ac3558f5-8ded-4f47-b962-f4fbd00731f9", "object_repr": "Syria (SY)", "action_flag": 1, "change_message": "[{\"added\": {}}]"}}, {"model": "admin.logentry", "pk": 225, "fields": {"action_time": "2023-08-20T15:53:08.685Z", "user": 7, "content_type": 14, "object_id": "af66ac91-2bf3-43dc-8c24-95e8ba487dec", "object_repr": "Taiwan (TW)", "action_flag": 1, "change_message": "[{\"added\": {}}]"}}, {"model": "admin.logentry", "pk": 226, "fields": {"action_time": "2023-08-20T15:53:39.308Z", "user": 7, "content_type": 14, "object_id": "a1652273-3f7f-403f-90f3-c61f1d15124d", "object_repr": "Tajikistan (TJ)", "action_flag": 1, "change_message": "[{\"added\": {}}]"}}, {"model": "admin.logentry", "pk": 227, "fields": {"action_time": "2023-08-20T16:04:47.249Z", "user": 7, "content_type": 14, "object_id": "2b1089b6-027b-4035-af5e-64fcdff83aa6", "object_repr": "Tanzania (TZ)", "action_flag": 1, "change_message": "[{\"added\": {}}]"}}, {"model": "admin.logentry", "pk": 228, "fields": {"action_time": "2023-08-20T16:06:43.403Z", "user": 7, "content_type": 14, "object_id": "4bd64965-465f-48f7-bc2f-9e5a2fbdff6b", "object_repr": "Thailand (TH)", "action_flag": 1, "change_message": "[{\"added\": {}}]"}}, {"model": "admin.logentry", "pk": 229, "fields": {"action_time": "2023-08-20T16:07:13.984Z", "user": 7, "content_type": 14, "object_id": "fc952fb7-511d-4038-befe-2d85c1a2835d", "object_repr": "Timor-Leste (TL)", "action_flag": 1, "change_message": "[{\"added\": {}}]"}}, {"model": "admin.logentry", "pk": 230, "fields": {"action_time": "2023-08-20T16:07:42.383Z", "user": 7, "content_type": 14, "object_id": "fac25709-1f57-464a-a009-f1cf1d0957fd", "object_repr": "Togo (TG)", "action_flag": 1, "change_message": "[{\"added\": {}}]"}}, {"model": "admin.logentry", "pk": 231, "fields": {"action_time": "2023-08-20T16:08:55.577Z", "user": 7, "content_type": 14, "object_id": "640fe8b2-4b04-4262-97aa-fa354d2bf0e3", "object_repr": "Tokelau (TK)", "action_flag": 1, "change_message": "[{\"added\": {}}]"}}, {"model": "admin.logentry", "pk": 232, "fields": {"action_time": "2023-08-20T16:09:20.783Z", "user": 7, "content_type": 14, "object_id": "2b9070ff-9740-4789-ab6b-65f0683ffcce", "object_repr": "Tonga (TO)", "action_flag": 1, "change_message": "[{\"added\": {}}]"}}, {"model": "admin.logentry", "pk": 233, "fields": {"action_time": "2023-08-20T16:33:39.636Z", "user": 7, "content_type": 14, "object_id": "c668c106-d310-4e66-8cfe-e3fe9330fdac", "object_repr": "Trinidad and Tobago (TT)", "action_flag": 1, "change_message": "[{\"added\": {}}]"}}, {"model": "admin.logentry", "pk": 234, "fields": {"action_time": "2023-08-20T16:34:42.475Z", "user": 7, "content_type": 14, "object_id": "875e2410-7b6a-4066-9e9d-d50fa32a6314", "object_repr": "Tunisia (TN)", "action_flag": 1, "change_message": "[{\"added\": {}}]"}}, {"model": "admin.logentry", "pk": 235, "fields": {"action_time": "2023-08-20T16:41:04.451Z", "user": 7, "content_type": 14, "object_id": "212bf4b7-5e09-4c72-8a61-7d68c73736f7", "object_repr": "Türkiye (TR)", "action_flag": 1, "change_message": "[{\"added\": {}}]"}}, {"model": "admin.logentry", "pk": 236, "fields": {"action_time": "2023-08-20T16:41:36.122Z", "user": 7, "content_type": 14, "object_id": "9df6d5a0-acbd-4c25-ab7a-0979b0b5e619", "object_repr": "Turkmenistan (TM)", "action_flag": 1, "change_message": "[{\"added\": {}}]"}}, {"model": "admin.logentry", "pk": 237, "fields": {"action_time": "2023-08-20T16:42:28.502Z", "user": 7, "content_type": 14, "object_id": "451bcf55-b577-433e-8b4a-aee6d8dfefd2", "object_repr": "Turks and Caicos Islands (TC)", "action_flag": 1, "change_message": "[{\"added\": {}}]"}}, {"model": "admin.logentry", "pk": 238, "fields": {"action_time": "2023-08-20T16:42:55.101Z", "user": 7, "content_type": 14, "object_id": "0e0e4551-57a0-4a9f-9b25-bee7ec34136f", "object_repr": "Tuvalu (TV)", "action_flag": 1, "change_message": "[{\"added\": {}}]"}}, {"model": "admin.logentry", "pk": 239, "fields": {"action_time": "2023-08-20T16:43:18.269Z", "user": 7, "content_type": 14, "object_id": "7b217612-52db-4466-83f9-c49fc00c82f7", "object_repr": "Uganda (UG)", "action_flag": 1, "change_message": "[{\"added\": {}}]"}}, {"model": "admin.logentry", "pk": 240, "fields": {"action_time": "2023-08-20T16:44:46.889Z", "user": 7, "content_type": 14, "object_id": "55f3a238-79a0-48d6-8686-3d136103c84e", "object_repr": "Ukraine (UA)", "action_flag": 1, "change_message": "[{\"added\": {}}]"}}, {"model": "admin.logentry", "pk": 241, "fields": {"action_time": "2023-08-20T16:45:10.310Z", "user": 7, "content_type": 14, "object_id": "1fae5daa-c313-4af9-a125-e00472bd9ae3", "object_repr": "United Arab Emirates (AE)", "action_flag": 1, "change_message": "[{\"added\": {}}]"}}, {"model": "admin.logentry", "pk": 242, "fields": {"action_time": "2023-08-20T16:45:35.931Z", "user": 7, "content_type": 14, "object_id": "1df815c5-8a06-46c5-8c85-cf7615ad2f38", "object_repr": "United Kingdom (GB)", "action_flag": 1, "change_message": "[{\"added\": {}}]"}}, {"model": "admin.logentry", "pk": 243, "fields": {"action_time": "2023-08-20T16:49:04.765Z", "user": 7, "content_type": 14, "object_id": "f2e071f2-bf48-4bbf-a4e6-b61ee9294d7c", "object_repr": "United States of America (US)", "action_flag": 1, "change_message": "[{\"added\": {}}]"}}, {"model": "admin.logentry", "pk": 244, "fields": {"action_time": "2023-08-20T16:55:45.982Z", "user": 7, "content_type": 14, "object_id": "42e82739-c566-478d-af15-b5acb62608ba", "object_repr": "Uruguay (UY)", "action_flag": 1, "change_message": "[{\"added\": {}}]"}}, {"model": "admin.logentry", "pk": 245, "fields": {"action_time": "2023-08-20T16:56:16.720Z", "user": 7, "content_type": 14, "object_id": "69d3cc80-6572-4866-8a96-7de29f346d05", "object_repr": "Uzbekistan (UZ)", "action_flag": 1, "change_message": "[{\"added\": {}}]"}}, {"model": "admin.logentry", "pk": 246, "fields": {"action_time": "2023-08-20T16:56:39.542Z", "user": 7, "content_type": 14, "object_id": "e4f26b3f-11ac-4443-8c91-4b2bcb6277af", "object_repr": "Vanuatu (VU)", "action_flag": 1, "change_message": "[{\"added\": {}}]"}}, {"model": "admin.logentry", "pk": 247, "fields": {"action_time": "2023-08-20T16:57:16.410Z", "user": 7, "content_type": 14, "object_id": "4548f946-09fd-43e1-a229-5dc9be1e7ae7", "object_repr": "Venezuela (VE)", "action_flag": 1, "change_message": "[{\"added\": {}}]"}}, {"model": "admin.logentry", "pk": 248, "fields": {"action_time": "2023-08-20T16:57:41.101Z", "user": 7, "content_type": 14, "object_id": "b54f4839-9759-4572-b59d-c3637627826a", "object_repr": "Vietnam (VN)", "action_flag": 1, "change_message": "[{\"added\": {}}]"}}, {"model": "admin.logentry", "pk": 249, "fields": {"action_time": "2023-08-20T16:58:37.809Z", "user": 7, "content_type": 14, "object_id": "2145559e-6a52-4ca5-8f28-e0e10b46527d", "object_repr": "Virgin Islands (U.S.) (VI)", "action_flag": 1, "change_message": "[{\"added\": {}}]"}}, {"model": "admin.logentry", "pk": 250, "fields": {"action_time": "2023-08-20T16:59:14.704Z", "user": 7, "content_type": 14, "object_id": "db9b606a-fc45-4cc3-bf55-95c61e8af833", "object_repr": "Wallis and Futuna (WF)", "action_flag": 1, "change_message": "[{\"added\": {}}]"}}, {"model": "admin.logentry", "pk": 251, "fields": {"action_time": "2023-08-20T16:59:50.557Z", "user": 7, "content_type": 14, "object_id": "e074c1a5-5305-4961-9114-390b7b73555d", "object_repr": "Western Sahara (EH)", "action_flag": 1, "change_message": "[{\"added\": {}}]"}}, {"model": "admin.logentry", "pk": 252, "fields": {"action_time": "2023-08-20T17:00:13.399Z", "user": 7, "content_type": 14, "object_id": "78b669ea-3448-40b8-82a4-3e905f96e4e9", "object_repr": "Yemen (YE)", "action_flag": 1, "change_message": "[{\"added\": {}}]"}}, {"model": "admin.logentry", "pk": 253, "fields": {"action_time": "2023-08-20T17:00:32.015Z", "user": 7, "content_type": 14, "object_id": "93301052-602d-4e18-bc9c-f760496331aa", "object_repr": "Zambia (ZM)", "action_flag": 1, "change_message": "[{\"added\": {}}]"}}, {"model": "admin.logentry", "pk": 254, "fields": {"action_time": "2023-08-20T17:00:50.402Z", "user": 7, "content_type": 14, "object_id": "4c072ab7-4c6d-46fb-bf60-dc91d099fc45", "object_repr": "Zimbabwe (ZW)", "action_flag": 1, "change_message": "[{\"added\": {}}]"}}, {"model": "admin.logentry", "pk": 255, "fields": {"action_time": "2023-08-21T05:23:22.401Z", "user": 7, "content_type": 12, "object_id": "a7078b60-2acf-41d9-9884-d8cf10450e4c", "object_repr": "Premier League", "action_flag": 1, "change_message": "[{\"added\": {}}]"}}, {"model": "admin.logentry", "pk": 256, "fields": {"action_time": "2023-08-21T05:59:38.221Z", "user": 7, "content_type": 13, "object_id": "c16f8c5a-eaef-456c-b5ee-8be0d5242365", "object_repr": "Manchester City", "action_flag": 1, "change_message": "[{\"added\": {}}]"}}, {"model": "admin.logentry", "pk": 257, "fields": {"action_time": "2023-08-21T06:00:11.743Z", "user": 7, "content_type": 13, "object_id": "c3a82f00-8a57-4a8e-bbb3-62f1c427d626", "object_repr": "Manchester United", "action_flag": 1, "change_message": "[{\"added\": {}}]"}}, {"model": "admin.logentry", "pk": 258, "fields": {"action_time": "2023-08-21T06:00:40.616Z", "user": 7, "content_type": 13, "object_id": "4d56f0ba-8477-43cc-92f7-506750296686", "object_repr": "Chelsea", "action_flag": 1, "change_message": "[{\"added\": {}}]"}}, {"model": "admin.logentry", "pk": 259, "fields": {"action_time": "2023-08-21T06:07:51.462Z", "user": 7, "content_type": 12, "object_id": "804faf2e-0465-4ab7-b076-54673dad5471", "object_repr": "La Liga", "action_flag": 1, "change_message": "[{\"added\": {}}]"}}, {"model": "admin.logentry", "pk": 260, "fields": {"action_time": "2023-08-21T06:18:42.846Z", "user": 7, "content_type": 13, "object_id": "9b00639d-afc0-4bd6-9b5e-fd26bad48070", "object_repr": "Barcelona", "action_flag": 1, "change_message": "[{\"added\": {}}]"}}, {"model": "admin.logentry", "pk": 261, "fields": {"action_time": "2023-08-21T06:19:23.928Z", "user": 7, "content_type": 13, "object_id": "69f88bbb-97bd-46e6-bbed-be40e2f7a546", "object_repr": "Real Madrid", "action_flag": 1, "change_message": "[{\"added\": {}}]"}}, {"model": "admin.logentry", "pk": 262, "fields": {"action_time": "2023-08-21T07:09:34.935Z", "user": 7, "content_type": 12, "object_id": "1ab1ded9-31a9-4974-b77f-f0d2b54b3bd4", "object_repr": "Serie A", "action_flag": 1, "change_message": "[{\"added\": {}}]"}}, {"model": "admin.logentry", "pk": 263, "fields": {"action_time": "2023-08-21T07:15:14.442Z", "user": 7, "content_type": 12, "object_id": "58493403-b933-457f-ac42-ba7420e30186", "object_repr": "Bundesliga", "action_flag": 1, "change_message": "[{\"added\": {}}]"}}, {"model": "admin.logentry", "pk": 264, "fields": {"action_time": "2023-08-21T07:30:49.134Z", "user": 7, "content_type": 12, "object_id": "a51e4527-8697-47dc-af8d-0017936196ee", "object_repr": "Indian Super League", "action_flag": 1, "change_message": "[{\"added\": {}}]"}}, {"model": "admin.logentry", "pk": 265, "fields": {"action_time": "2023-08-21T07:34:24.170Z", "user": 7, "content_type": 13, "object_id": "b6692d7f-98a1-47cc-ad68-c796f7f1b725", "object_repr": "Chennaiyin FC", "action_flag": 1, "change_message": "[{\"added\": {}}]"}}, {"model": "admin.logentry", "pk": 266, "fields": {"action_time": "2023-08-21T07:35:17.960Z", "user": 7, "content_type": 13, "object_id": "334fe241-3ae7-45b5-af55-7d901bf7b96d", "object_repr": "Kerala Blasters FC", "action_flag": 1, "change_message": "[{\"added\": {}}]"}}, {"model": "admin.logentry", "pk": 267, "fields": {"action_time": "2023-08-21T10:06:53.268Z", "user": 7, "content_type": 13, "object_id": "8130d6b8-5917-486f-837a-8014f0fa1796", "object_repr": "Bayern Munich", "action_flag": 1, "change_message": "[{\"added\": {}}]"}}, {"model": "admin.logentry", "pk": 268, "fields": {"action_time": "2023-08-21T10:07:25.553Z", "user": 7, "content_type": 13, "object_id": "1bec7f3e-4275-4bc9-9a80-8b5cf56694a4", "object_repr": "Borussia Dortmund", "action_flag": 1, "change_message": "[{\"added\": {}}]"}}, {"model": "admin.logentry", "pk": 269, "fields": {"action_time": "2023-08-21T10:10:32.950Z", "user": 7, "content_type": 13, "object_id": "09c10ee4-7efa-42d3-9685-09c02d752409", "object_repr": "Juventus", "action_flag": 1, "change_message": "[{\"added\": {}}]"}}, {"model": "admin.logentry", "pk": 270, "fields": {"action_time": "2023-08-21T10:11:20.420Z", "user": 7, "content_type": 13, "object_id": "bd43834a-e268-4d48-a684-a7c47ae1fa13", "object_repr": "Roma", "action_flag": 1, "change_message": "[{\"added\": {}}]"}}, {"model": "admin.logentry", "pk": 271, "fields": {"action_time": "2023-08-21T13:44:47.715Z", "user": 7, "content_type": 7, "object_id": "de1763e0-c36e-4233-93a2-02a46dcdce88", "object_repr": "JUVENTUS AUTHENTIC HOME SHIRT 2023/24", "action_flag": 1, "change_message": "[{\"added\": {}}]"}}, {"model": "admin.logentry", "pk": 272, "fields": {"action_time": "2023-08-21T14:17:55.227Z", "user": 7, "content_type": 8, "object_id": "44a307f6-3531-4f4f-b43a-39371edfffe4", "object_repr": "JUVENTUS AUTHENTIC HOME SHIRT 2023/24 - Male - Small", "action_flag": 1, "change_message": "[{\"added\": {}}]"}}, {"model": "admin.logentry", "pk": 273, "fields": {"action_time": "2023-08-21T14:19:40.695Z", "user": 7, "content_type": 8, "object_id": "44a307f6-3531-4f4f-b43a-39371edfffe4", "object_repr": "JUVENTUS AUTHENTIC HOME SHIRT 2023/24 - Male - Small", "action_flag": 3, "change_message": ""}}, {"model": "admin.logentry", "pk": 274, "fields": {"action_time": "2023-08-21T14:20:20.389Z", "user": 7, "content_type": 8, "object_id": "6e2377b4-565c-4208-853a-a5aaccbb0100", "object_repr": "JUVENTUS AUTHENTIC HOME SHIRT 2023/24 - Male - Small", "action_flag": 1, "change_message": "[{\"added\": {}}]"}}, {"model": "admin.logentry", "pk": 275, "fields": {"action_time": "2023-08-21T14:22:50.682Z", "user": 7, "content_type": 9, "object_id": "316dd8ec-de88-4605-bc8c-cd11cbd332ea", "object_repr": "image object (316dd8ec-de88-4605-bc8c-cd11cbd332ea)", "action_flag": 1, "change_message": "[{\"added\": {}}]"}}, {"model": "admin.logentry", "pk": 276, "fields": {"action_time": "2023-08-21T14:23:04.336Z", "user": 7, "content_type": 9, "object_id": "f3b78f0d-25f3-48b3-8510-b035fc20891b", "object_repr": "image object (f3b78f0d-25f3-48b3-8510-b035fc20891b)", "action_flag": 1, "change_message": "[{\"added\": {}}]"}}, {"model": "admin.logentry", "pk": 277, "fields": {"action_time": "2023-08-21T14:48:41.194Z", "user": 7, "content_type": 7, "object_id": "5b6a0712-4f6f-4588-9663-b77218cad7ee", "object_repr": "BARCELONA HOME SHIRT 2022/23", "action_flag": 1, "change_message": "[{\"added\": {}}]"}}, {"model": "admin.logentry", "pk": 278, "fields": {"action_time": "2023-08-21T14:49:34.716Z", "user": 7, "content_type": 7, "object_id": "4a4894f0-2116-4a4e-85f3-ca6292373d4b", "object_repr": "CHELSEA HOME MATCH SHIRT 2022/23", "action_flag": 1, "change_message": "[{\"added\": {}}]"}}, {"model": "admin.logentry", "pk": 279, "fields": {"action_time": "2023-08-21T14:50:37.904Z", "user": 7, "content_type": 7, "object_id": "547c0035-31b4-4f81-8d8f-ead38f1c5110", "object_repr": "BAYERN MUNICH AWAY SHIRT 2023/24", "action_flag": 1, "change_message": "[{\"added\": {}}]"}}, {"model": "admin.logentry", "pk": 280, "fields": {"action_time": "2023-08-21T14:54:06.060Z", "user": 7, "content_type": 7, "object_id": "bcd116bf-6c63-4631-813b-aeeb622a6101", "object_repr": "Kerala Blasters Home Jersey", "action_flag": 1, "change_message": "[{\"added\": {}}]"}}, {"model": "admin.logentry", "pk": 281, "fields": {"action_time": "2023-08-21T14:54:30.835Z", "user": 7, "content_type": 8, "object_id": "0c8f0a94-3a95-457f-8e5f-f91e53ef8ec6", "object_repr": "BARCELONA HOME SHIRT 2022/23 - Male - Small", "action_flag": 1, "change_message": "[{\"added\": {}}]"}}, {"model": "admin.logentry", "pk": 282, "fields": {"action_time": "2023-08-21T14:54:48.816Z", "user": 7, "content_type": 8, "object_id": "b065a137-ba0d-4aea-ac50-c6504ab40fcc", "object_repr": "CHELSEA HOME MATCH SHIRT 2022/23 - Male - Small", "action_flag": 1, "change_message": "[{\"added\": {}}]"}}, {"model": "admin.logentry", "pk": 283, "fields": {"action_time": "2023-08-21T14:55:04.607Z", "user": 7, "content_type": 8, "object_id": "62650689-ff2f-4d61-82a4-8c6b27a1d5af", "object_repr": "BAYERN MUNICH AWAY SHIRT 2023/24 - Male - Small", "action_flag": 1, "change_message": "[{\"added\": {}}]"}}, {"model": "admin.logentry", "pk": 284, "fields": {"action_time": "2023-08-21T14:55:19.975Z", "user": 7, "content_type": 8, "object_id": "ac601254-bc3a-49fb-92c0-6ff436187b02", "object_repr": "Kerala Blasters Home Jersey - Male - Small", "action_flag": 1, "change_message": "[{\"added\": {}}]"}}, {"model": "admin.logentry", "pk": 285, "fields": {"action_time": "2023-08-21T14:55:54.768Z", "user": 7, "content_type": 9, "object_id": "992f9ceb-cf41-4c87-b2f6-44af5245af45", "object_repr": "image object (992f9ceb-cf41-4c87-b2f6-44af5245af45)", "action_flag": 1, "change_message": "[{\"added\": {}}]"}}, {"model": "admin.logentry", "pk": 286, "fields": {"action_time": "2023-08-21T14:56:08.807Z", "user": 7, "content_type": 9, "object_id": "943ce16b-e206-4f6c-a1a8-0a339258b6a0", "object_repr": "image object (943ce16b-e206-4f6c-a1a8-0a339258b6a0)", "action_flag": 1, "change_message": "[{\"added\": {}}]"}}, {"model": "admin.logentry", "pk": 287, "fields": {"action_time": "2023-08-21T14:56:21.272Z", "user": 7, "content_type": 9, "object_id": "babbd5e3-a829-4bce-aaf3-5551abbc69d7", "object_repr": "image object (babbd5e3-a829-4bce-aaf3-5551abbc69d7)", "action_flag": 1, "change_message": "[{\"added\": {}}]"}}, {"model": "admin.logentry", "pk": 288, "fields": {"action_time": "2023-08-21T14:58:36.451Z", "user": 7, "content_type": 9, "object_id": "aaabea38-b58e-4f9e-94b9-a1c22b8636e7", "object_repr": "image object (aaabea38-b58e-4f9e-94b9-a1c22b8636e7)", "action_flag": 1, "change_message": "[{\"added\": {}}]"}}, {"model": "admin.logentry", "pk": 289, "fields": {"action_time": "2023-08-21T15:00:39.511Z", "user": 7, "content_type": 9, "object_id": "e0076d82-4bdb-4ab9-acb2-801d3403704c", "object_repr": "image object (e0076d82-4bdb-4ab9-acb2-801d3403704c)", "action_flag": 1, "change_message": "[{\"added\": {}}]"}}, {"model": "admin.logentry", "pk": 290, "fields": {"action_time": "2023-08-21T15:00:49.398Z", "user": 7, "content_type": 9, "object_id": "46926bbd-ec06-40df-9022-f7bec45f1b18", "object_repr": "image object (46926bbd-ec06-40df-9022-f7bec45f1b18)", "action_flag": 1, "change_message": "[{\"added\": {}}]"}}, {"model": "admin.logentry", "pk": 291, "fields": {"action_time": "2023-08-21T15:01:01.583Z", "user": 7, "content_type": 9, "object_id": "c4190301-bb5a-4a0d-8411-87f18ac8fb23", "object_repr": "image object (c4190301-bb5a-4a0d-8411-87f18ac8fb23)", "action_flag": 1, "change_message": "[{\"added\": {}}]"}}, {"model": "admin.logentry", "pk": 292, "fields": {"action_time": "2023-08-21T15:01:15.844Z", "user": 7, "content_type": 9, "object_id": "2ab76884-9b7e-4c94-b373-4b8f2254721f", "object_repr": "image object (2ab76884-9b7e-4c94-b373-4b8f2254721f)", "action_flag": 1, "change_message": "[{\"added\": {}}]"}}, {"model": "admin.logentry", "pk": 293, "fields": {"action_time": "2023-08-22T10:22:05.070Z", "user": 7, "content_type": 7, "object_id": "cb181aee-52dd-4272-9a21-87796e34f433", "object_repr": "BRAZIL AWAY SHIRT 2022/23", "action_flag": 1, "change_message": "[{\"added\": {}}]"}}, {"model": "admin.logentry", "pk": 294, "fields": {"action_time": "2023-08-22T10:22:43.819Z", "user": 7, "content_type": 8, "object_id": "429fc706-8763-4baf-8b98-636f736f7cd4", "object_repr": "BRAZIL AWAY SHIRT 2022/23 - Male - Small", "action_flag": 1, "change_message": "[{\"added\": {}}]"}}, {"model": "admin.logentry", "pk": 295, "fields": {"action_time": "2023-08-22T10:23:05.923Z", "user": 7, "content_type": 9, "object_id": "9137628b-d3a0-4e68-9728-7911e41be967", "object_repr": "image object (9137628b-d3a0-4e68-9728-7911e41be967)", "action_flag": 1, "change_message": "[{\"added\": {}}]"}}, {"model": "admin.logentry", "pk": 296, "fields": {"action_time": "2023-08-22T10:23:19.549Z", "user": 7, "content_type": 9, "object_id": "db60cdcb-76bf-442c-b614-05c5a1fabc9b", "object_repr": "image object (db60cdcb-76bf-442c-b614-05c5a1fabc9b)", "action_flag": 1, "change_message": "[{\"added\": {}}]"}}, {"model": "admin.logentry", "pk": 297, "fields": {"action_time": "2023-08-22T10:25:47.111Z", "user": 7, "content_type": 7, "object_id": "16ab6d4a-4609-479c-9df8-71f7efb817dd", "object_repr": "ARGENTINA HOME SHIRT 2022/23", "action_flag": 1, "change_message": "[{\"added\": {}}]"}}, {"model": "admin.logentry", "pk": 298, "fields": {"action_time": "2023-08-22T10:26:47.614Z", "user": 7, "content_type": 8, "object_id": "a234574c-5261-4853-949f-2e1f290cbb29", "object_repr": "ARGENTINA HOME SHIRT 2022/23 - Male - Small", "action_flag": 1, "change_message": "[{\"added\": {}}]"}}, {"model": "admin.logentry", "pk": 299, "fields": {"action_time": "2023-08-22T10:27:16.076Z", "user": 7, "content_type": 9, "object_id": "3c02beba-62b1-4136-bc4e-0d822782e281", "object_repr": "image object (3c02beba-62b1-4136-bc4e-0d822782e281)", "action_flag": 1, "change_message": "[{\"added\": {}}]"}}, {"model": "admin.logentry", "pk": 300, "fields": {"action_time": "2023-08-22T10:27:29.336Z", "user": 7, "content_type": 9, "object_id": "7f045715-6d5c-4b22-aa5f-725f7b454ea6", "object_repr": "image object (7f045715-6d5c-4b22-aa5f-725f7b454ea6)", "action_flag": 1, "change_message": "[{\"added\": {}}]"}}, {"model": "admin.logentry", "pk": 301, "fields": {"action_time": "2023-08-23T04:46:40.260Z", "user": 7, "content_type": 8, "object_id": "b065a137-ba0d-4aea-ac50-c6504ab40fcc", "object_repr": "CHELSEA HOME MATCH SHIRT 2022/23 - Male - Small", "action_flag": 3, "change_message": ""}}, {"model": "admin.logentry", "pk": 302, "fields": {"action_time": "2023-08-23T04:46:40.274Z", "user": 7, "content_type": 8, "object_id": "ac601254-bc3a-49fb-92c0-6ff436187b02", "object_repr": "Kerala Blasters Home Jersey - Male - Small", "action_flag": 3, "change_message": ""}}, {"model": "admin.logentry", "pk": 303, "fields": {"action_time": "2023-08-23T04:46:40.297Z", "user": 7, "content_type": 8, "object_id": "a234574c-5261-4853-949f-2e1f290cbb29", "object_repr": "ARGENTINA HOME SHIRT 2022/23 - Male - Small", "action_flag": 3, "change_message": ""}}, {"model": "admin.logentry", "pk": 304, "fields": {"action_time": "2023-08-23T04:46:40.352Z", "user": 7, "content_type": 8, "object_id": "6e2377b4-565c-4208-853a-a5aaccbb0100", "object_repr": "JUVENTUS AUTHENTIC HOME SHIRT 2023/24 - Male - Small", "action_flag": 3, "change_message": ""}}, {"model": "admin.logentry", "pk": 305, "fields": {"action_time": "2023-08-23T04:46:40.374Z", "user": 7, "content_type": 8, "object_id": "62650689-ff2f-4d61-82a4-8c6b27a1d5af", "object_repr": "BAYERN MUNICH AWAY SHIRT 2023/24 - Male - Small", "action_flag": 3, "change_message": ""}}, {"model": "admin.logentry", "pk": 306, "fields": {"action_time": "2023-08-23T04:46:40.396Z", "user": 7, "content_type": 8, "object_id": "429fc706-8763-4baf-8b98-636f736f7cd4", "object_repr": "BRAZIL AWAY SHIRT 2022/23 - Male - Small", "action_flag": 3, "change_message": ""}}, {"model": "admin.logentry", "pk": 307, "fields": {"action_time": "2023-08-23T04:46:40.418Z", "user": 7, "content_type": 8, "object_id": "0c8f0a94-3a95-457f-8e5f-f91e53ef8ec6", "object_repr": "BARCELONA HOME SHIRT 2022/23 - Male - Small", "action_flag": 3, "change_message": ""}}, {"model": "admin.logentry", "pk": 308, "fields": {"action_time": "2023-08-23T05:10:24.859Z", "user": 7, "content_type": 8, "object_id": "395a4ffc-1ab8-4bf0-99b0-0a3f16e1ea54", "object_repr": "JUVENTUS AUTHENTIC HOME SHIRT 2023/24 - Male - Small", "action_flag": 1, "change_message": "[{\"added\": {}}]"}}, {"model": "admin.logentry", "pk": 309, "fields": {"action_time": "2023-08-23T05:15:15.529Z", "user": 7, "content_type": 8, "object_id": "6b475c42-ce17-494f-aa79-831a5ecc8078", "object_repr": "BARCELONA HOME SHIRT 2022/23 - Male - Small", "action_flag": 1, "change_message": "[{\"added\": {}}]"}}, {"model": "admin.logentry", "pk": 310, "fields": {"action_time": "2023-08-23T06:56:27.029Z", "user": 7, "content_type": 9, "object_id": "70dacbf3-6c44-4424-bba6-84a503f3606b", "object_repr": "image object (70dacbf3-6c44-4424-bba6-84a503f3606b)", "action_flag": 1, "change_message": "[{\"added\": {}}]"}}, {"model": "admin.logentry", "pk": 311, "fields": {"action_time": "2023-08-23T06:56:40.371Z", "user": 7, "content_type": 9, "object_id": "d0e395b1-b9a2-4377-a5e8-61bbb61fc645", "object_repr": "image object (d0e395b1-b9a2-4377-a5e8-61bbb61fc645)", "action_flag": 1, "change_message": "[{\"added\": {}}]"}}, {"model": "admin.logentry", "pk": 312, "fields": {"action_time": "2023-08-31T09:25:03.159Z", "user": 7, "content_type": 9, "object_id": "a7728ac0-d53a-4ad5-82e4-7c6b30e40fc1", "object_repr": "image object (a7728ac0-d53a-4ad5-82e4-7c6b30e40fc1)", "action_flag": 1, "change_message": "[{\"added\": {}}]"}}, {"model": "admin.logentry", "pk": 313, "fields": {"action_time": "2023-08-31T09:25:19.432Z", "user": 7, "content_type": 9, "object_id": "68243653-5051-4011-a424-8bf2ae4745d4", "object_repr": "image object (68243653-5051-4011-a424-8bf2ae4745d4)", "action_flag": 1, "change_message": "[{\"added\": {}}]"}}, {"model": "admin.logentry", "pk": 314, "fields": {"action_time": "2023-08-31T09:28:20.229Z", "user": 7, "content_type": 8, "object_id": "2b768cd3-b7ac-4946-8b78-99fc01fa13fc", "object_repr": "CHELSEA HOME MATCH SHIRT 2022/23 - Male - Small", "action_flag": 1, "change_message": "[{\"added\": {}}]"}}, {"model": "admin.logentry", "pk": 315, "fields": {"action_time": "2023-08-31T09:28:35.899Z", "user": 7, "content_type": 8, "object_id": "2b768cd3-b7ac-4946-8b78-99fc01fa13fc", "object_repr": "CHELSEA HOME MATCH SHIRT 2022/23 - Male - Small", "action_flag": 2, "change_message": "[{\"changed\": {\"fields\": [\"Selling price\"]}}]"}}, {"model": "admin.logentry", "pk": 316, "fields": {"action_time": "2023-08-31T09:29:26.921Z", "user": 7, "content_type": 8, "object_id": "c8725478-035e-4601-a15d-d78fad6041d8", "object_repr": "BAYERN MUNICH AWAY SHIRT 2023/24 - Male - Small", "action_flag": 1, "change_message": "[{\"added\": {}}]"}}, {"model": "admin.logentry", "pk": 317, "fields": {"action_time": "2023-08-31T09:30:14.494Z", "user": 7, "content_type": 9, "object_id": "a560d69a-b5dc-4449-b9c0-5fb4cb23da74", "object_repr": "image object (a560d69a-b5dc-4449-b9c0-5fb4cb23da74)", "action_flag": 1, "change_message": "[{\"added\": {}}]"}}, {"model": "admin.logentry", "pk": 318, "fields": {"action_time": "2023-08-31T09:30:27.185Z", "user": 7, "content_type": 9, "object_id": "d010e1b5-8bbd-44cd-ad92-09ea8d90fe1d", "object_repr": "image object (d010e1b5-8bbd-44cd-ad92-09ea8d90fe1d)", "action_flag": 1, "change_message": "[{\"added\": {}}]"}}, {"model": "admin.logentry", "pk": 319, "fields": {"action_time": "2023-09-01T06:01:52.917Z", "user": 7, "content_type": 12, "object_id": "a7078b60-2acf-41d9-9884-d8cf10450e4c", "object_repr": "Premier League", "action_flag": 2, "change_message": "[{\"changed\": {\"fields\": [\"Thumbnail\"]}}]"}}, {"model": "admin.logentry", "pk": 320, "fields": {"action_time": "2023-09-01T06:02:25.430Z", "user": 7, "content_type": 12, "object_id": "804faf2e-0465-4ab7-b076-54673dad5471", "object_repr": "La Liga", "action_flag": 2, "change_message": "[{\"changed\": {\"fields\": [\"Thumbnail\"]}}]"}}, {"model": "admin.logentry", "pk": 321, "fields": {"action_time": "2023-09-01T06:02:39.486Z", "user": 7, "content_type": 12, "object_id": "58493403-b933-457f-ac42-ba7420e30186", "object_repr": "Bundesliga", "action_flag": 2, "change_message": "[{\"changed\": {\"fields\": [\"Thumbnail\"]}}]"}}, {"model": "admin.logentry", "pk": 322, "fields": {"action_time": "2023-09-01T06:02:51.140Z", "user": 7, "content_type": 12, "object_id": "1ab1ded9-31a9-4974-b77f-f0d2b54b3bd4", "object_repr": "Serie A", "action_flag": 2, "change_message": "[{\"changed\": {\"fields\": [\"Thumbnail\"]}}]"}}, {"model": "admin.logentry", "pk": 323, "fields": {"action_time": "2023-09-01T06:03:07.786Z", "user": 7, "content_type": 12, "object_id": "a51e4527-8697-47dc-af8d-0017936196ee", "object_repr": "Indian Super League", "action_flag": 2, "change_message": "[{\"changed\": {\"fields\": [\"Thumbnail\"]}}]"}}, {"model": "admin.logentry", "pk": 324, "fields": {"action_time": "2023-09-01T13:30:16.305Z", "user": 7, "content_type": 7, "object_id": "de1763e0-c36e-4233-93a2-02a46dcdce88", "object_repr": "JUVENTUS AUTHENTIC HOME SHIRT 2023/24", "action_flag": 2, "change_message": "[{\"changed\": {\"fields\": [\"Is featured\"]}}]"}}, {"model": "admin.logentry", "pk": 325, "fields": {"action_time": "2023-09-02T04:51:34.315Z", "user": 7, "content_type": 9, "object_id": "d0e395b1-b9a2-4377-a5e8-61bbb61fc645", "object_repr": "image object (d0e395b1-b9a2-4377-a5e8-61bbb61fc645)", "action_flag": 2, "change_message": "[{\"changed\": {\"fields\": [\"Is featured\"]}}]"}}, {"model": "admin.logentry", "pk": 326, "fields": {"action_time": "2023-09-02T04:51:42.079Z", "user": 7, "content_type": 9, "object_id": "a7728ac0-d53a-4ad5-82e4-7c6b30e40fc1", "object_repr": "image object (a7728ac0-d53a-4ad5-82e4-7c6b30e40fc1)", "action_flag": 2, "change_message": "[{\"changed\": {\"fields\": [\"Is featured\"]}}]"}}, {"model": "admin.logentry", "pk": 327, "fields": {"action_time": "2023-09-02T05:02:25.677Z", "user": 7, "content_type": 9, "object_id": "d0e395b1-b9a2-4377-a5e8-61bbb61fc645", "object_repr": "image object (d0e395b1-b9a2-4377-a5e8-61bbb61fc645)", "action_flag": 2, "change_message": "[]"}}, {"model": "admin.logentry", "pk": 328, "fields": {"action_time": "2023-09-02T05:02:30.758Z", "user": 7, "content_type": 9, "object_id": "a7728ac0-d53a-4ad5-82e4-7c6b30e40fc1", "object_repr": "image object (a7728ac0-d53a-4ad5-82e4-7c6b30e40fc1)", "action_flag": 2, "change_message": "[]"}}, {"model": "admin.logentry", "pk": 329, "fields": {"action_time": "2023-09-02T05:41:33.095Z", "user": 7, "content_type": 9, "object_id": "a560d69a-b5dc-4449-b9c0-5fb4cb23da74", "object_repr": "image object (a560d69a-b5dc-4449-b9c0-5fb4cb23da74)", "action_flag": 2, "change_message": "[{\"changed\": {\"fields\": [\"Is featured\"]}}]"}}, {"model": "admin.logentry", "pk": 330, "fields": {"action_time": "2023-09-02T05:53:49.968Z", "user": 7, "content_type": 7, "object_id": "5b6a0712-4f6f-4588-9663-b77218cad7ee", "object_repr": "BARCELONA HOME SHIRT 2022/23", "action_flag": 2, "change_message": "[{\"changed\": {\"fields\": [\"Is featured\"]}}]"}}, {"model": "admin.logentry", "pk": 331, "fields": {"action_time": "2023-09-02T06:39:54.139Z", "user": 7, "content_type": 7, "object_id": "4a4894f0-2116-4a4e-85f3-ca6292373d4b", "object_repr": "CHELSEA HOME MATCH SHIRT 2022/23", "action_flag": 2, "change_message": "[{\"changed\": {\"fields\": [\"Is featured\"]}}]"}}, {"model": "admin.logentry", "pk": 332, "fields": {"action_time": "2023-09-02T06:42:27.109Z", "user": 7, "content_type": 7, "object_id": "bcd116bf-6c63-4631-813b-aeeb622a6101", "object_repr": "Kerala Blasters Home Jersey", "action_flag": 2, "change_message": "[{\"changed\": {\"fields\": [\"Is featured\"]}}]"}}, {"model": "admin.logentry", "pk": 333, "fields": {"action_time": "2023-09-02T06:43:13.426Z", "user": 7, "content_type": 8, "object_id": "32064c36-404e-487c-8656-59473ea89d0c", "object_repr": "Kerala Blasters Home Jersey - Male - Small", "action_flag": 1, "change_message": "[{\"added\": {}}]"}}, {"model": "admin.logentry", "pk": 334, "fields": {"action_time": "2023-09-02T06:43:36.523Z", "user": 7, "content_type": 9, "object_id": "eee7f5f7-3e85-402d-af1d-f27ae8e7129d", "object_repr": "image object (eee7f5f7-3e85-402d-af1d-f27ae8e7129d)", "action_flag": 1, "change_message": "[{\"added\": {}}]"}}, {"model": "admin.logentry", "pk": 335, "fields": {"action_time": "2023-09-02T06:44:30.605Z", "user": 7, "content_type": 9, "object_id": "c6f98da1-e380-4e98-b78a-a0a7c8cf3831", "object_repr": "image object (c6f98da1-e380-4e98-b78a-a0a7c8cf3831)", "action_flag": 1, "change_message": "[{\"added\": {}}]"}}, {"model": "admin.logentry", "pk": 336, "fields": {"action_time": "2023-09-02T06:52:33.226Z", "user": 7, "content_type": 13, "object_id": "8130d6b8-5917-486f-837a-8014f0fa1796", "object_repr": "Bayern Munich", "action_flag": 2, "change_message": "[{\"changed\": {\"fields\": [\"Thumbnail\"]}}]"}}, {"model": "admin.logentry", "pk": 337, "fields": {"action_time": "2023-09-02T06:52:43.908Z", "user": 7, "content_type": 13, "object_id": "c3a82f00-8a57-4a8e-bbb3-62f1c427d626", "object_repr": "Manchester United", "action_flag": 2, "change_message": "[{\"changed\": {\"fields\": [\"Thumbnail\"]}}]"}}, {"model": "admin.logentry", "pk": 338, "fields": {"action_time": "2023-09-02T06:52:53.747Z", "user": 7, "content_type": 13, "object_id": "c16f8c5a-eaef-456c-b5ee-8be0d5242365", "object_repr": "Manchester City", "action_flag": 2, "change_message": "[{\"changed\": {\"fields\": [\"Thumbnail\"]}}]"}}, {"model": "admin.logentry", "pk": 339, "fields": {"action_time": "2023-09-02T06:54:28.681Z", "user": 7, "content_type": 13, "object_id": "69f88bbb-97bd-46e6-bbed-be40e2f7a546", "object_repr": "Real Madrid", "action_flag": 2, "change_message": "[{\"changed\": {\"fields\": [\"Thumbnail\"]}}]"}}, {"model": "admin.logentry", "pk": 340, "fields": {"action_time": "2023-09-02T06:55:18.075Z", "user": 7, "content_type": 13, "object_id": "09c10ee4-7efa-42d3-9685-09c02d752409", "object_repr": "Juventus", "action_flag": 2, "change_message": "[{\"changed\": {\"fields\": [\"Thumbnail\"]}}]"}}, {"model": "admin.logentry", "pk": 341, "fields": {"action_time": "2023-09-02T06:59:12.310Z", "user": 7, "content_type": 13, "object_id": "1bec7f3e-4275-4bc9-9a80-8b5cf56694a4", "object_repr": "Borussia Dortmund", "action_flag": 2, "change_message": "[{\"changed\": {\"fields\": [\"Thumbnail\"]}}]"}}, {"model": "admin.logentry", "pk": 342, "fields": {"action_time": "2023-09-02T07:00:27.691Z", "user": 7, "content_type": 13, "object_id": "bd43834a-e268-4d48-a684-a7c47ae1fa13", "object_repr": "Roma", "action_flag": 2, "change_message": "[{\"changed\": {\"fields\": [\"Thumbnail\"]}}]"}}, {"model": "admin.logentry", "pk": 343, "fields": {"action_time": "2023-09-02T07:02:43.443Z", "user": 7, "content_type": 13, "object_id": "334fe241-3ae7-45b5-af55-7d901bf7b96d", "object_repr": "Kerala Blasters FC", "action_flag": 2, "change_message": "[{\"changed\": {\"fields\": [\"Thumbnail\"]}}]"}}, {"model": "admin.logentry", "pk": 344, "fields": {"action_time": "2023-09-02T07:02:51.512Z", "user": 7, "content_type": 13, "object_id": "b6692d7f-98a1-47cc-ad68-c796f7f1b725", "object_repr": "Chennaiyin FC", "action_flag": 2, "change_message": "[{\"changed\": {\"fields\": [\"Thumbnail\"]}}]"}}, {"model": "admin.logentry", "pk": 345, "fields": {"action_time": "2023-09-02T07:05:27.738Z", "user": 7, "content_type": 13, "object_id": "9b00639d-afc0-4bd6-9b5e-fd26bad48070", "object_repr": "Barcelona", "action_flag": 2, "change_message": "[{\"changed\": {\"fields\": [\"Thumbnail\"]}}]"}}, {"model": "admin.logentry", "pk": 346, "fields": {"action_time": "2023-09-02T07:20:32.806Z", "user": 7, "content_type": 13, "object_id": "4d56f0ba-8477-43cc-92f7-506750296686", "object_repr": "Chelsea", "action_flag": 2, "change_message": "[{\"changed\": {\"fields\": [\"Thumbnail\"]}}]"}}, {"model": "admin.logentry", "pk": 347, "fields": {"action_time": "2023-09-02T10:16:23.802Z", "user": 7, "content_type": 8, "object_id": "572b5f09-7350-4db9-ac56-126f90db0073", "object_repr": "ARGENTINA HOME SHIRT 2022/23 - Male - Small", "action_flag": 1, "change_message": "[{\"added\": {}}]"}}, {"model": "admin.logentry", "pk": 348, "fields": {"action_time": "2023-09-02T10:16:48.846Z", "user": 7, "content_type": 8, "object_id": "73f95b51-58ad-4c28-8996-9bf906c58669", "object_repr": "BRAZIL AWAY SHIRT 2022/23 - Male - Small", "action_flag": 1, "change_message": "[{\"added\": {}}]"}}, {"model": "admin.logentry", "pk": 349, "fields": {"action_time": "2023-09-02T10:17:15.731Z", "user": 7, "content_type": 9, "object_id": "122ee750-9f05-4a63-a940-0f5a8e49801a", "object_repr": "image object (122ee750-9f05-4a63-a940-0f5a8e49801a)", "action_flag": 1, "change_message": "[{\"added\": {}}]"}}, {"model": "admin.logentry", "pk": 350, "fields": {"action_time": "2023-09-02T10:17:28.461Z", "user": 7, "content_type": 9, "object_id": "b0d77cc9-7307-4987-967b-a7c401454160", "object_repr": "image object (b0d77cc9-7307-4987-967b-a7c401454160)", "action_flag": 1, "change_message": "[{\"added\": {}}]"}}, {"model": "admin.logentry", "pk": 351, "fields": {"action_time": "2023-09-02T10:17:54.382Z", "user": 7, "content_type": 9, "object_id": "8c03dbf5-315f-4c1c-8451-47778a313988", "object_repr": "image object (8c03dbf5-315f-4c1c-8451-47778a313988)", "action_flag": 1, "change_message": "[{\"added\": {}}]"}}, {"model": "admin.logentry", "pk": 352, "fields": {"action_time": "2023-09-02T10:18:09.835Z", "user": 7, "content_type": 9, "object_id": "56d783d0-73f9-4990-9dca-49b9ed6201c2", "object_repr": "image object (56d783d0-73f9-4990-9dca-49b9ed6201c2)", "action_flag": 1, "change_message": "[{\"added\": {}}]"}}, {"model": "admin.logentry", "pk": 353, "fields": {"action_time": "2023-09-02T10:18:37.485Z", "user": 7, "content_type": 7, "object_id": "16ab6d4a-4609-479c-9df8-71f7efb817dd", "object_repr": "ARGENTINA HOME SHIRT 2022/23", "action_flag": 2, "change_message": "[{\"changed\": {\"fields\": [\"Is featured\"]}}]"}}, {"model": "admin.logentry", "pk": 354, "fields": {"action_time": "2023-09-02T10:18:51.276Z", "user": 7, "content_type": 7, "object_id": "cb181aee-52dd-4272-9a21-87796e34f433", "object_repr": "BRAZIL AWAY SHIRT 2022/23", "action_flag": 2, "change_message": "[{\"changed\": {\"fields\": [\"Is featured\"]}}]"}}, {"model": "admin.logentry", "pk": 355, "fields": {"action_time": "2023-09-02T10:43:54.468Z", "user": 7, "content_type": 7, "object_id": "16ab6d4a-4609-479c-9df8-71f7efb817dd", "object_repr": "ARGENTINA HOME SHIRT 2022/23", "action_flag": 2, "change_message": "[{\"changed\": {\"fields\": [\"Is featured\"]}}]"}}, {"model": "admin.logentry", "pk": 356, "fields": {"action_time": "2023-09-02T10:46:56.232Z", "user": 7, "content_type": 7, "object_id": "cb181aee-52dd-4272-9a21-87796e34f433", "object_repr": "BRAZIL AWAY SHIRT 2022/23", "action_flag": 2, "change_message": "[{\"changed\": {\"fields\": [\"Is featured\"]}}]"}}, {"model": "admin.logentry", "pk": 357, "fields": {"action_time": "2023-09-02T11:42:24.791Z", "user": 7, "content_type": 7, "object_id": "ce7aefd5-5b15-41d8-b0a0-b452bb250d74", "object_repr": "GERMANY AUTHENTIC AWAY SHIRT 2022/23", "action_flag": 1, "change_message": "[{\"added\": {}}]"}}, {"model": "admin.logentry", "pk": 358, "fields": {"action_time": "2023-09-02T11:42:55.254Z", "user": 7, "content_type": 8, "object_id": "8b88ebdc-100a-41f8-a14e-c7646d045b43", "object_repr": "GERMANY AUTHENTIC AWAY SHIRT 2022/23 - Male - Small", "action_flag": 1, "change_message": "[{\"added\": {}}]"}}, {"model": "admin.logentry", "pk": 359, "fields": {"action_time": "2023-09-02T11:43:18.887Z", "user": 7, "content_type": 9, "object_id": "c19b1a0f-553d-464a-a665-48593b85f76a", "object_repr": "image object (c19b1a0f-553d-464a-a665-48593b85f76a)", "action_flag": 1, "change_message": "[{\"added\": {}}]"}}, {"model": "admin.logentry", "pk": 360, "fields": {"action_time": "2023-09-02T11:43:36.452Z", "user": 7, "content_type": 9, "object_id": "d5b541fd-3764-401c-a212-7c781b06fa22", "object_repr": "image object (d5b541fd-3764-401c-a212-7c781b06fa22)", "action_flag": 1, "change_message": "[{\"added\": {}}]"}}, {"model": "admin.logentry", "pk": 361, "fields": {"action_time": "2023-09-02T11:45:56.725Z", "user": 7, "content_type": 7, "object_id": "6c6b4f6e-3986-4fd0-acb9-177cf6bbdb39", "object_repr": "PORTUGAL HOME SHIRT 2022/23", "action_flag": 1, "change_message": "[{\"added\": {}}]"}}, {"model": "admin.logentry", "pk": 362, "fields": {"action_time": "2023-09-02T11:46:23.647Z", "user": 7, "content_type": 8, "object_id": "f6e210e1-37ab-43fd-9636-b79ed5383d7b", "object_repr": "PORTUGAL HOME SHIRT 2022/23 - Male - Small", "action_flag": 1, "change_message": "[{\"added\": {}}]"}}, {"model": "admin.logentry", "pk": 363, "fields": {"action_time": "2023-09-02T11:46:40.404Z", "user": 7, "content_type": 9, "object_id": "327c2e13-b701-4d1b-8143-365bca87fb68", "object_repr": "image object (327c2e13-b701-4d1b-8143-365bca87fb68)", "action_flag": 1, "change_message": "[{\"added\": {}}]"}}, {"model": "admin.logentry", "pk": 364, "fields": {"action_time": "2023-09-02T11:46:50.569Z", "user": 7, "content_type": 9, "object_id": "6b19e3cd-8fb3-416c-ae4a-895f534a4137", "object_repr": "image object (6b19e3cd-8fb3-416c-ae4a-895f534a4137)", "action_flag": 1, "change_message": "[{\"added\": {}}]"}}, {"model": "admin.logentry", "pk": 365, "fields": {"action_time": "2023-09-03T07:21:23.459Z", "user": 7, "content_type": 9, "object_id": "018ed411-8443-4dbe-aac8-097c3646f217", "object_repr": "image object (018ed411-8443-4dbe-aac8-097c3646f217)", "action_flag": 1, "change_message": "[{\"added\": {}}]"}}, {"model": "admin.logentry", "pk": 366, "fields": {"action_time": "2023-09-03T07:21:38.465Z", "user": 7, "content_type": 9, "object_id": "72309502-a0cd-4d5b-bb42-f4589c1d54a0", "object_repr": "image object (72309502-a0cd-4d5b-bb42-f4589c1d54a0)", "action_flag": 1, "change_message": "[{\"added\": {}}]"}}, {"model": "admin.logentry", "pk": 367, "fields": {"action_time": "2023-09-03T07:25:30.175Z", "user": 7, "content_type": 7, "object_id": "f913c621-6157-470b-abd3-fd9e26702358", "object_repr": "MANCHESTER CITY AUTHENTIC HOME SHIRT 2023/24", "action_flag": 1, "change_message": "[{\"added\": {}}]"}}, {"model": "admin.logentry", "pk": 368, "fields": {"action_time": "2023-09-03T07:26:00.705Z", "user": 7, "content_type": 8, "object_id": "19a82ec8-ac67-49e8-95b1-1014e2faeb9c", "object_repr": "MANCHESTER CITY AUTHENTIC HOME SHIRT 2023/24 - Male - Small", "action_flag": 1, "change_message": "[{\"added\": {}}]"}}, {"model": "admin.logentry", "pk": 369, "fields": {"action_time": "2023-09-03T07:26:36.700Z", "user": 7, "content_type": 9, "object_id": "0f50eca7-c46a-4ccd-9424-182949221cd2", "object_repr": "image object (0f50eca7-c46a-4ccd-9424-182949221cd2)", "action_flag": 1, "change_message": "[{\"added\": {}}]"}}, {"model": "admin.logentry", "pk": 370, "fields": {"action_time": "2023-09-03T07:26:49.019Z", "user": 7, "content_type": 9, "object_id": "63cda65b-d6f1-4aca-a1dc-fe36d829c9c5", "object_repr": "image object (63cda65b-d6f1-4aca-a1dc-fe36d829c9c5)", "action_flag": 1, "change_message": "[{\"added\": {}}]"}}, {"model": "admin.logentry", "pk": 371, "fields": {"action_time": "2023-09-03T12:33:36.151Z", "user": 7, "content_type": 8, "object_id": "cc1b02b4-ca04-43c1-8c2a-881210b0c4e8", "object_repr": "BAYERN MUNICH AWAY SHIRT 2023/24 - Female - Small", "action_flag": 1, "change_message": "[{\"added\": {}}]"}}, {"model": "admin.logentry", "pk": 372, "fields": {"action_time": "2023-09-03T12:34:00.003Z", "user": 7, "content_type": 9, "object_id": "99beec57-14e8-4ef3-aa03-3d8151dab68f", "object_repr": "image object (99beec57-14e8-4ef3-aa03-3d8151dab68f)", "action_flag": 1, "change_message": "[{\"added\": {}}]"}}, {"model": "admin.logentry", "pk": 373, "fields": {"action_time": "2023-09-03T12:34:18.755Z", "user": 7, "content_type": 9, "object_id": "dc68c1e1-86cb-444d-a852-ff7a4816fc49", "object_repr": "image object (dc68c1e1-86cb-444d-a852-ff7a4816fc49)", "action_flag": 1, "change_message": "[{\"added\": {}}]"}}, {"model": "admin.logentry", "pk": 374, "fields": {"action_time": "2023-09-03T12:44:15.295Z", "user": 7, "content_type": 7, "object_id": "92d5d14f-779d-4129-afc5-a794293829c9", "object_repr": "MANCHESTER CITY KIDS GREEN GOALKEEPER SHIRT 2023/24", "action_flag": 1, "change_message": "[{\"added\": {}}]"}}, {"model": "admin.logentry", "pk": 375, "fields": {"action_time": "2023-09-03T12:44:44.819Z", "user": 7, "content_type": 8, "object_id": "0669cfd2-cd1b-4abe-b5e8-2ad304944252", "object_repr": "MANCHESTER CITY KIDS GREEN GOALKEEPER SHIRT 2023/24 - Kids - Small", "action_flag": 1, "change_message": "[{\"added\": {}}]"}}, {"model": "admin.logentry", "pk": 376, "fields": {"action_time": "2023-09-03T12:45:01.265Z", "user": 7, "content_type": 9, "object_id": "3163c7b6-c2f7-4c4a-9a84-0ce0ed8e7084", "object_repr": "image object (3163c7b6-c2f7-4c4a-9a84-0ce0ed8e7084)", "action_flag": 1, "change_message": "[{\"added\": {}}]"}}, {"model": "admin.logentry", "pk": 377, "fields": {"action_time": "2023-09-03T12:45:15.393Z", "user": 7, "content_type": 9, "object_id": "46e428f4-f327-4a67-9f2f-f666a4351b44", "object_repr": "image object (46e428f4-f327-4a67-9f2f-f666a4351b44)", "action_flag": 1, "change_message": "[{\"added\": {}}]"}}, {"model": "admin.logentry", "pk": 378, "fields": {"action_time": "2023-09-03T13:35:01.652Z", "user": 7, "content_type": 8, "object_id": "cc1b02b4-ca04-43c1-8c2a-881210b0c4e8", "object_repr": "BAYERN MUNICH AWAY SHIRT 2023/24 - Female - Small", "action_flag": 3, "change_message": ""}}, {"model": "admin.logentry", "pk": 379, "fields": {"action_time": "2023-09-03T13:36:52.288Z", "user": 7, "content_type": 7, "object_id": "4479a530-7b9a-46df-8b00-251d1b75138e", "object_repr": "MANCHESTER CITY WOMEN AWAY JERSEY 2022", "action_flag": 1, "change_message": "[{\"added\": {}}]"}}, {"model": "admin.logentry", "pk": 380, "fields": {"action_time": "2023-09-03T13:37:41.467Z", "user": 7, "content_type": 8, "object_id": "329d9ac9-c011-425c-a01f-83436cda8e08", "object_repr": "MANCHESTER CITY WOMEN AWAY JERSEY 2022 - Female - Small", "action_flag": 1, "change_message": "[{\"added\": {}}]"}}, {"model": "admin.logentry", "pk": 381, "fields": {"action_time": "2023-09-03T13:38:03.344Z", "user": 7, "content_type": 9, "object_id": "172b033a-3078-463b-b73e-5729ab4c12f1", "object_repr": "image object (172b033a-3078-463b-b73e-5729ab4c12f1)", "action_flag": 1, "change_message": "[{\"added\": {}}]"}}, {"model": "admin.logentry", "pk": 382, "fields": {"action_time": "2023-09-03T13:38:18.504Z", "user": 7, "content_type": 9, "object_id": "98fd5f15-cfc5-4ec3-84f7-2158dc327845", "object_repr": "image object (98fd5f15-cfc5-4ec3-84f7-2158dc327845)", "action_flag": 1, "change_message": "[{\"added\": {}}]"}}, {"model": "admin.logentry", "pk": 383, "fields": {"action_time": "2023-09-03T13:39:02.445Z", "user": 7, "content_type": 9, "object_id": "98fd5f15-cfc5-4ec3-84f7-2158dc327845", "object_repr": "image object (98fd5f15-cfc5-4ec3-84f7-2158dc327845)", "action_flag": 2, "change_message": "[{\"changed\": {\"fields\": [\"Image\"]}}]"}}, {"model": "admin.logentry", "pk": 384, "fields": {"action_time": "2023-09-03T13:39:19.898Z", "user": 7, "content_type": 9, "object_id": "98fd5f15-cfc5-4ec3-84f7-2158dc327845", "object_repr": "image object (98fd5f15-cfc5-4ec3-84f7-2158dc327845)", "action_flag": 2, "change_message": "[{\"changed\": {\"fields\": [\"Image\"]}}]"}}, {"model": "admin.logentry", "pk": 385, "fields": {"action_time": "2023-09-03T13:39:35.257Z", "user": 7, "content_type": 9, "object_id": "98fd5f15-cfc5-4ec3-84f7-2158dc327845", "object_repr": "image object (98fd5f15-cfc5-4ec3-84f7-2158dc327845)", "action_flag": 2, "change_message": "[{\"changed\": {\"fields\": [\"Image\"]}}]"}}, {"model": "admin.logentry", "pk": 386, "fields": {"action_time": "2023-09-03T15:01:37.857Z", "user": 7, "content_type": 9, "object_id": "018ed411-8443-4dbe-aac8-097c3646f217", "object_repr": "image object (018ed411-8443-4dbe-aac8-097c3646f217)", "action_flag": 2, "change_message": "[]"}}, {"model": "admin.logentry", "pk": 387, "fields": {"action_time": "2023-09-04T11:15:45.823Z", "user": 7, "content_type": 17, "object_id": "6bf67809-e209-4966-89f9-f452faafb3cf", "object_repr": "Cart item for JUVENTUS AUTHENTIC HOME SHIRT 2023/24 - Male - Small", "action_flag": 1, "change_message": "[{\"added\": {}}]"}}, {"model": "admin.logentry", "pk": 388, "fields": {"action_time": "2023-09-04T11:18:32.125Z", "user": 7, "content_type": 17, "object_id": "6bf67809-e209-4966-89f9-f452faafb3cf", "object_repr": "Cart item for JUVENTUS AUTHENTIC HOME SHIRT 2023/24 - Male - Small", "action_flag": 3, "change_message": ""}}, {"model": "admin.logentry", "pk": 389, "fields": {"action_time": "2023-09-05T05:26:03.509Z", "user": 7, "content_type": 6, "object_id": "6", "object_repr": "fayizrasheed02@gmail.com", "action_flag": 3, "change_message": ""}}, {"model": "admin.logentry", "pk": 390, "fields": {"action_time": "2023-09-05T06:36:03.747Z", "user": 7, "content_type": 17, "object_id": "d8fe2aa4-8ae4-49a1-a49c-51ec45b5b017", "object_repr": "Cart item for BARCELONA HOME SHIRT 2022/23 - Male - Small", "action_flag": 3, "change_message": ""}}, {"model": "admin.logentry", "pk": 391, "fields": {"action_time": "2023-09-05T06:36:03.924Z", "user": 7, "content_type": 17, "object_id": "4a1afbc5-e76c-4a4c-acc2-938c8aaca0c6", "object_repr": "Cart item for JUVENTUS AUTHENTIC HOME SHIRT 2023/24 - Male - Small", "action_flag": 3, "change_message": ""}}, {"model": "admin.logentry", "pk": 392, "fields": {"action_time": "2023-09-05T07:36:28.218Z", "user": 7, "content_type": 17, "object_id": "a6519b55-fdb7-4276-a5d5-57158ed22498", "object_repr": "Cart item for JUVENTUS AUTHENTIC HOME SHIRT 2023/24 - Male - Small", "action_flag": 3, "change_message": ""}}, {"model": "admin.logentry", "pk": 393, "fields": {"action_time": "2023-09-05T07:46:50.520Z", "user": 7, "content_type": 17, "object_id": "03500c94-2376-4f4e-9d52-178dc6fcf4dc", "object_repr": "Cart item for BARCELONA HOME SHIRT 2022/23 - Male - Small", "action_flag": 3, "change_message": ""}}, {"model": "admin.logentry", "pk": 394, "fields": {"action_time": "2023-09-05T11:07:28.341Z", "user": 7, "content_type": 17, "object_id": "d6904979-a10f-4857-9b3d-19401e820789", "object_repr": "Cart item for JUVENTUS AUTHENTIC HOME SHIRT 2023/24 - Male - Small", "action_flag": 3, "change_message": ""}}, {"model": "admin.logentry", "pk": 395, "fields": {"action_time": "2023-09-05T11:07:28.398Z", "user": 7, "content_type": 17, "object_id": "66947603-2fd1-4750-a72c-1a70ae93109f", "object_repr": "Cart item for BARCELONA HOME SHIRT 2022/23 - Male - Small", "action_flag": 3, "change_message": ""}}, {"model": "admin.logentry", "pk": 396, "fields": {"action_time": "2023-09-05T12:58:35.430Z", "user": 7, "content_type": 8, "object_id": "6651cfde-c014-4e60-877d-48423305e7db", "object_repr": "BAYERN MUNICH AWAY SHIRT 2023/24 - Male - Medium", "action_flag": 1, "change_message": "[{\"added\": {}}]"}}, {"model": "admin.logentry", "pk": 397, "fields": {"action_time": "2023-09-05T13:00:43.959Z", "user": 7, "content_type": 9, "object_id": "7011258d-4b7e-4072-9a5d-cb2285223d5a", "object_repr": "image object (7011258d-4b7e-4072-9a5d-cb2285223d5a)", "action_flag": 1, "change_message": "[{\"added\": {}}]"}}, {"model": "admin.logentry", "pk": 398, "fields": {"action_time": "2023-09-05T13:00:57.558Z", "user": 7, "content_type": 9, "object_id": "56850e59-b073-4091-a82b-2dd2a2021a90", "object_repr": "image object (56850e59-b073-4091-a82b-2dd2a2021a90)", "action_flag": 1, "change_message": "[{\"added\": {}}]"}}, {"model": "admin.logentry", "pk": 399, "fields": {"action_time": "2023-09-05T13:02:23.954Z", "user": 7, "content_type": 9, "object_id": "7011258d-4b7e-4072-9a5d-cb2285223d5a", "object_repr": "image object (7011258d-4b7e-4072-9a5d-cb2285223d5a)", "action_flag": 3, "change_message": ""}}, {"model": "admin.logentry", "pk": 400, "fields": {"action_time": "2023-09-05T13:02:23.986Z", "user": 7, "content_type": 9, "object_id": "56850e59-b073-4091-a82b-2dd2a2021a90", "object_repr": "image object (56850e59-b073-4091-a82b-2dd2a2021a90)", "action_flag": 3, "change_message": ""}}, {"model": "admin.logentry", "pk": 401, "fields": {"action_time": "2023-09-06T06:04:55.011Z", "user": 7, "content_type": 17, "object_id": "feaaaca1-0593-4fbc-9b46-3559bd03f306", "object_repr": "Cart item for JUVENTUS AUTHENTIC HOME SHIRT 2023/24 - Male - Small", "action_flag": 3, "change_message": ""}}, {"model": "admin.logentry", "pk": 402, "fields": {"action_time": "2023-09-06T06:04:55.090Z", "user": 7, "content_type": 17, "object_id": "d019d3fb-9ea6-4ba9-96d0-bbad3eb6001f", "object_repr": "Cart item for CHELSEA HOME MATCH SHIRT 2022/23 - Male - Small", "action_flag": 3, "change_message": ""}}, {"model": "admin.logentry", "pk": 403, "fields": {"action_time": "2023-09-06T06:04:55.102Z", "user": 7, "content_type": 17, "object_id": "25fe3c37-dce8-4521-a7c7-a5459e7864a1", "object_repr": "Cart item for BARCELONA HOME SHIRT 2022/23 - Male - Small", "action_flag": 3, "change_message": ""}}, {"model": "admin.logentry", "pk": 404, "fields": {"action_time": "2023-09-06T06:05:13.627Z", "user": 7, "content_type": 18, "object_id": "609ebfa0-8c6c-46ce-805e-e6a8563409d7", "object_repr": "Cart for fa", "action_flag": 3, "change_message": ""}}, {"model": "admin.logentry", "pk": 405, "fields": {"action_time": "2023-09-06T09:03:27.923Z", "user": 7, "content_type": 18, "object_id": "dd755879-6c75-4579-bdd4-ade7ecbe0028", "object_repr": "Cart object (dd755879-6c75-4579-bdd4-ade7ecbe0028)", "action_flag": 3, "change_message": ""}}, {"model": "admin.logentry", "pk": 406, "fields": {"action_time": "2023-09-06T09:03:27.959Z", "user": 7, "content_type": 18, "object_id": "69c61643-15cc-42a8-a080-21b755702e3e", "object_repr": "Cart object (69c61643-15cc-42a8-a080-21b755702e3e)", "action_flag": 3, "change_message": ""}}, {"model": "admin.logentry", "pk": 407, "fields": {"action_time": "2023-09-06T09:03:27.971Z", "user": 7, "content_type": 18, "object_id": "598c91c5-abc9-4b2e-8fb0-ae0d44bf5d80", "object_repr": "Cart object (598c91c5-abc9-4b2e-8fb0-ae0d44bf5d80)", "action_flag": 3, "change_message": ""}}, {"model": "admin.logentry", "pk": 408, "fields": {"action_time": "2023-09-06T09:04:25.389Z", "user": 7, "content_type": 17, "object_id": "40b3ab26-285a-4644-a35d-2d941f1d5d67", "object_repr": "Cart item for JUVENTUS AUTHENTIC HOME SHIRT 2023/24 - Male - Small", "action_flag": 3, "change_message": ""}}, {"model": "admin.logentry", "pk": 409, "fields": {"action_time": "2023-09-06T13:27:03.901Z", "user": 7, "content_type": 18, "object_id": "feba8bda-34db-4603-a467-ce6f553b0b25", "object_repr": "Cart object (feba8bda-34db-4603-a467-ce6f553b0b25)", "action_flag": 3, "change_message": ""}}, {"model": "admin.logentry", "pk": 410, "fields": {"action_time": "2023-09-06T13:27:03.939Z", "user": 7, "content_type": 18, "object_id": "e4160d7d-6bb0-49c7-8952-d383d9a31a42", "object_repr": "Cart object (e4160d7d-6bb0-49c7-8952-d383d9a31a42)", "action_flag": 3, "change_message": ""}}, {"model": "admin.logentry", "pk": 411, "fields": {"action_time": "2023-09-06T13:27:03.959Z", "user": 7, "content_type": 18, "object_id": "b8ab9200-713d-4ee3-b62e-697950d532fb", "object_repr": "Cart object (b8ab9200-713d-4ee3-b62e-697950d532fb)", "action_flag": 3, "change_message": ""}}, {"model": "admin.logentry", "pk": 412, "fields": {"action_time": "2023-09-06T13:27:03.981Z", "user": 7, "content_type": 18, "object_id": "13958232-2cf9-44bc-a5ae-45529cccb38e", "object_repr": "Cart object (13958232-2cf9-44bc-a5ae-45529cccb38e)", "action_flag": 3, "change_message": ""}}, {"model": "admin.logentry", "pk": 413, "fields": {"action_time": "2023-09-07T06:24:16.722Z", "user": 7, "content_type": 17, "object_id": "84ac4031-49a0-45ad-9f02-95328125ccda", "object_repr": "Cart item for BARCELONA HOME SHIRT 2022/23 - Male - Small", "action_flag": 3, "change_message": ""}}, {"model": "admin.logentry", "pk": 414, "fields": {"action_time": "2023-09-07T06:24:16.862Z", "user": 7, "content_type": 17, "object_id": "70fe18b3-17a2-48ab-ae0d-875bddd9e02c", "object_repr": "Cart item for JUVENTUS AUTHENTIC HOME SHIRT 2023/24 - Male - Small", "action_flag": 3, "change_message": ""}}, {"model": "admin.logentry", "pk": 415, "fields": {"action_time": "2023-09-07T06:24:16.884Z", "user": 7, "content_type": 17, "object_id": "5ede9d2c-fd30-4b13-89f3-3836b5a1b1ad", "object_repr": "Cart item for JUVENTUS AUTHENTIC HOME SHIRT 2023/24 - Male - Small", "action_flag": 3, "change_message": ""}}, {"model": "admin.logentry", "pk": 416, "fields": {"action_time": "2023-09-07T06:34:44.869Z", "user": 7, "content_type": 17, "object_id": "e90497bf-3f3d-4446-b7d5-610dc202bbd2", "object_repr": "Cart item for BARCELONA HOME SHIRT 2022/23 - Male - Small", "action_flag": 3, "change_message": ""}}, {"model": "admin.logentry", "pk": 417, "fields": {"action_time": "2023-09-07T06:34:44.884Z", "user": 7, "content_type": 17, "object_id": "78336e38-7afc-40c8-a24c-b784baedf5f7", "object_repr": "Cart item for JUVENTUS AUTHENTIC HOME SHIRT 2023/24 - Male - Small", "action_flag": 3, "change_message": ""}}, {"model": "admin.logentry", "pk": 418, "fields": {"action_time": "2023-09-07T06:54:35.939Z", "user": 7, "content_type": 18, "object_id": "81eb5e6a-41e5-4717-850b-55f95dd71c77", "object_repr": "Cart for fa", "action_flag": 3, "change_message": ""}}, {"model": "admin.logentry", "pk": 419, "fields": {"action_time": "2023-09-07T13:51:20.938Z", "user": 7, "content_type": 17, "object_id": "bef1c443-5ce8-4c95-97f3-e0d1b7f72e94", "object_repr": "Cart item for JUVENTUS AUTHENTIC HOME SHIRT 2023/24 - Male - Small", "action_flag": 3, "change_message": ""}}, {"model": "admin.logentry", "pk": 420, "fields": {"action_time": "2023-09-07T13:51:20.959Z", "user": 7, "content_type": 17, "object_id": "b2cff9a3-6640-46ca-a9de-dab2bee4f190", "object_repr": "Cart item for BAYERN MUNICH AWAY SHIRT 2023/24 - Male - Small", "action_flag": 3, "change_message": ""}}, {"model": "admin.logentry", "pk": 421, "fields": {"action_time": "2023-09-07T13:51:20.992Z", "user": 7, "content_type": 17, "object_id": "69ca4bb8-9332-42db-9e60-4699ca106e1a", "object_repr": "Cart item for BARCELONA HOME SHIRT 2022/23 - Male - Small", "action_flag": 3, "change_message": ""}}, {"model": "admin.logentry", "pk": 422, "fields": {"action_time": "2023-09-07T13:51:21.025Z", "user": 7, "content_type": 17, "object_id": "004220a3-ca7e-4738-8149-bbda319cb25d", "object_repr": "Cart item for MANCHESTER CITY WOMEN AWAY JERSEY 2022 - Female - Small", "action_flag": 3, "change_message": ""}}, {"model": "admin.logentry", "pk": 423, "fields": {"action_time": "2023-09-08T05:09:17.018Z", "user": 7, "content_type": 17, "object_id": "9a3ad9cc-eceb-41df-a843-a2da46ab6fda", "object_repr": "Cart item for BARCELONA HOME SHIRT 2022/23 - Male - Small", "action_flag": 3, "change_message": ""}}, {"model": "admin.logentry", "pk": 424, "fields": {"action_time": "2023-09-08T05:09:17.036Z", "user": 7, "content_type": 17, "object_id": "5fc2212f-6051-4301-b85e-62fc5efd725f", "object_repr": "Cart item for JUVENTUS AUTHENTIC HOME SHIRT 2023/24 - Male - Small", "action_flag": 3, "change_message": ""}}, {"model": "admin.logentry", "pk": 425, "fields": {"action_time": "2023-09-08T06:05:07.096Z", "user": 7, "content_type": 8, "object_id": "3d216872-66a9-446e-ac9d-d587c869e004", "object_repr": "BARCELONA HOME SHIRT 2022/23 - Male - Medium", "action_flag": 1, "change_message": "[{\"added\": {}}]"}}, {"model": "admin.logentry", "pk": 426, "fields": {"action_time": "2023-09-08T06:05:28.114Z", "user": 7, "content_type": 8, "object_id": "d593a9b7-4cee-4512-ae33-9f666a261ab6", "object_repr": "BARCELONA HOME SHIRT 2022/23 - Male - Large", "action_flag": 1, "change_message": "[{\"added\": {}}]"}}, {"model": "admin.logentry", "pk": 427, "fields": {"action_time": "2023-09-08T06:08:02.997Z", "user": 7, "content_type": 9, "object_id": "c7dadcef-be18-4ec0-bbbe-4fa4b9d2d260", "object_repr": "image object (c7dadcef-be18-4ec0-bbbe-4fa4b9d2d260)", "action_flag": 1, "change_message": "[{\"added\": {}}]"}}, {"model": "admin.logentry", "pk": 428, "fields": {"action_time": "2023-09-08T06:08:25.713Z", "user": 7, "content_type": 9, "object_id": "a1cec00d-a3c3-4943-ad41-4eba646bcb11", "object_repr": "image object (a1cec00d-a3c3-4943-ad41-4eba646bcb11)", "action_flag": 1, "change_message": "[{\"added\": {}}]"}}, {"model": "admin.logentry", "pk": 429, "fields": {"action_time": "2023-09-08T06:08:40.790Z", "user": 7, "content_type": 9, "object_id": "1571fedd-06f2-4fdd-b6a7-445f82060d12", "object_repr": "image object (1571fedd-06f2-4fdd-b6a7-445f82060d12)", "action_flag": 1, "change_message": "[{\"added\": {}}]"}}, {"model": "admin.logentry", "pk": 430, "fields": {"action_time": "2023-09-08T06:10:27.316Z", "user": 7, "content_type": 9, "object_id": "b2eab127-1e34-4044-b0a1-cac8a463a957", "object_repr": "image object (b2eab127-1e34-4044-b0a1-cac8a463a957)", "action_flag": 1, "change_message": "[{\"added\": {}}]"}}, {"model": "admin.logentry", "pk": 431, "fields": {"action_time": "2023-09-08T06:35:33.434Z", "user": 7, "content_type": 7, "object_id": "f913c621-6157-470b-abd3-fd9e26702358", "object_repr": "MANCHESTER CITY AUTHENTIC HOME SHIRT 2023/24", "action_flag": 2, "change_message": "[{\"changed\": {\"fields\": [\"Price\"]}}]"}}, {"model": "admin.logentry", "pk": 432, "fields": {"action_time": "2023-09-08T06:35:41.676Z", "user": 7, "content_type": 7, "object_id": "de1763e0-c36e-4233-93a2-02a46dcdce88", "object_repr": "JUVENTUS AUTHENTIC HOME SHIRT 2023/24", "action_flag": 2, "change_message": "[{\"changed\": {\"fields\": [\"Price\"]}}]"}}, {"model": "admin.logentry", "pk": 433, "fields": {"action_time": "2023-09-08T06:35:49.657Z", "user": 7, "content_type": 7, "object_id": "ce7aefd5-5b15-41d8-b0a0-b452bb250d74", "object_repr": "GERMANY AUTHENTIC AWAY SHIRT 2022/23", "action_flag": 2, "change_message": "[{\"changed\": {\"fields\": [\"Price\"]}}]"}}, {"model": "admin.logentry", "pk": 434, "fields": {"action_time": "2023-09-08T06:36:00.371Z", "user": 7, "content_type": 7, "object_id": "cb181aee-52dd-4272-9a21-87796e34f433", "object_repr": "BRAZIL AWAY SHIRT 2022/23", "action_flag": 2, "change_message": "[{\"changed\": {\"fields\": [\"Price\"]}}]"}}, {"model": "admin.logentry", "pk": 435, "fields": {"action_time": "2023-09-08T06:36:10.791Z", "user": 7, "content_type": 7, "object_id": "bcd116bf-6c63-4631-813b-aeeb622a6101", "object_repr": "Kerala Blasters Home Jersey", "action_flag": 2, "change_message": "[{\"changed\": {\"fields\": [\"Price\"]}}]"}}, {"model": "admin.logentry", "pk": 436, "fields": {"action_time": "2023-09-08T06:36:23.242Z", "user": 7, "content_type": 7, "object_id": "92d5d14f-779d-4129-afc5-a794293829c9", "object_repr": "MANCHESTER CITY KIDS GREEN GOALKEEPER SHIRT 2023/24", "action_flag": 2, "change_message": "[{\"changed\": {\"fields\": [\"Price\"]}}]"}}, {"model": "admin.logentry", "pk": 437, "fields": {"action_time": "2023-09-08T06:36:44.994Z", "user": 7, "content_type": 7, "object_id": "6c6b4f6e-3986-4fd0-acb9-177cf6bbdb39", "object_repr": "PORTUGAL HOME SHIRT 2022/23", "action_flag": 2, "change_message": "[{\"changed\": {\"fields\": [\"Price\"]}}]"}}, {"model": "admin.logentry", "pk": 438, "fields": {"action_time": "2023-09-08T06:36:52.317Z", "user": 7, "content_type": 7, "object_id": "5b6a0712-4f6f-4588-9663-b77218cad7ee", "object_repr": "BARCELONA HOME SHIRT 2022/23", "action_flag": 2, "change_message": "[{\"changed\": {\"fields\": [\"Price\"]}}]"}}, {"model": "admin.logentry", "pk": 439, "fields": {"action_time": "2023-09-08T06:37:08.101Z", "user": 7, "content_type": 7, "object_id": "547c0035-31b4-4f81-8d8f-ead38f1c5110", "object_repr": "BAYERN MUNICH AWAY SHIRT 2023/24", "action_flag": 2, "change_message": "[{\"changed\": {\"fields\": [\"Price\"]}}]"}}, {"model": "admin.logentry", "pk": 440, "fields": {"action_time": "2023-09-08T06:37:21.491Z", "user": 7, "content_type": 7, "object_id": "4a4894f0-2116-4a4e-85f3-ca6292373d4b", "object_repr": "CHELSEA HOME MATCH SHIRT 2022/23", "action_flag": 2, "change_message": "[{\"changed\": {\"fields\": [\"Price\"]}}]"}}, {"model": "admin.logentry", "pk": 441, "fields": {"action_time": "2023-09-08T06:37:29.009Z", "user": 7, "content_type": 7, "object_id": "4479a530-7b9a-46df-8b00-251d1b75138e", "object_repr": "MANCHESTER CITY WOMEN AWAY JERSEY 2022", "action_flag": 2, "change_message": "[{\"changed\": {\"fields\": [\"Price\"]}}]"}}, {"model": "admin.logentry", "pk": 442, "fields": {"action_time": "2023-09-08T06:37:37.124Z", "user": 7, "content_type": 7, "object_id": "16ab6d4a-4609-479c-9df8-71f7efb817dd", "object_repr": "ARGENTINA HOME SHIRT 2022/23", "action_flag": 2, "change_message": "[{\"changed\": {\"fields\": [\"Price\"]}}]"}}, {"model": "admin.logentry", "pk": 443, "fields": {"action_time": "2023-09-09T05:02:48.127Z", "user": 7, "content_type": 17, "object_id": "f5e0c6de-c32d-4fd7-a788-3cdc9d836f81", "object_repr": "Cart item for BARCELONA HOME SHIRT 2022/23 - Male - Small", "action_flag": 3, "change_message": ""}}, {"model": "admin.logentry", "pk": 444, "fields": {"action_time": "2023-09-09T05:02:48.155Z", "user": 7, "content_type": 17, "object_id": "ee816d8c-16e5-4c05-b5da-cf5995913f53", "object_repr": "Cart item for JUVENTUS AUTHENTIC HOME SHIRT 2023/24 - Male - Small", "action_flag": 3, "change_message": ""}}, {"model": "admin.logentry", "pk": 445, "fields": {"action_time": "2023-09-09T05:02:48.176Z", "user": 7, "content_type": 17, "object_id": "8024a00c-639e-461b-877b-13db59d1e0cf", "object_repr": "Cart item for CHELSEA HOME MATCH SHIRT 2022/23 - Male - Small", "action_flag": 3, "change_message": ""}}, {"model": "admin.logentry", "pk": 446, "fields": {"action_time": "2023-09-09T05:02:48.198Z", "user": 7, "content_type": 17, "object_id": "4a546746-fcb4-4590-a0d3-fba2c1a3e2e8", "object_repr": "Cart item for BARCELONA HOME SHIRT 2022/23 - Male - Medium", "action_flag": 3, "change_message": ""}}, {"model": "admin.logentry", "pk": 447, "fields": {"action_time": "2023-09-09T05:14:18.906Z", "user": 7, "content_type": 17, "object_id": "ebfdd004-e0dd-4677-8145-bc54b5441b7b", "object_repr": "Cart item for BARCELONA HOME SHIRT 2022/23 - Male - Small", "action_flag": 3, "change_message": ""}}, {"model": "admin.logentry", "pk": 448, "fields": {"action_time": "2023-09-09T05:14:19.159Z", "user": 7, "content_type": 17, "object_id": "11127ff7-7fd9-4467-a7b0-14c59450ef56", "object_repr": "Cart item for BARCELONA HOME SHIRT 2022/23 - Male - Medium", "action_flag": 3, "change_message": ""}}, {"model": "admin.logentry", "pk": 449, "fields": {"action_time": "2023-09-09T05:14:19.479Z", "user": 7, "content_type": 17, "object_id": "01852c1d-f3fb-4844-8747-2e3a0bba8af9", "object_repr": "Cart item for BARCELONA HOME SHIRT 2022/23 - Male - Large", "action_flag": 3, "change_message": ""}}, {"model": "admin.logentry", "pk": 450, "fields": {"action_time": "2023-09-09T05:54:04.242Z", "user": 7, "content_type": 9, "object_id": "68243653-5051-4011-a424-8bf2ae4745d4", "object_repr": "image object (68243653-5051-4011-a424-8bf2ae4745d4)", "action_flag": 2, "change_message": "[{\"changed\": {\"fields\": [\"Is featured\"]}}]"}}, {"model": "admin.logentry", "pk": 451, "fields": {"action_time": "2023-09-09T05:55:39.276Z", "user": 7, "content_type": 9, "object_id": "68243653-5051-4011-a424-8bf2ae4745d4", "object_repr": "image object (68243653-5051-4011-a424-8bf2ae4745d4)", "action_flag": 2, "change_message": "[{\"changed\": {\"fields\": [\"Is featured\"]}}]"}}, {"model": "admin.logentry", "pk": 452, "fields": {"action_time": "2023-09-09T11:41:44.636Z", "user": 7, "content_type": 22, "object_id": "e3a79739-eed8-4516-a77b-484792fc0707", "object_repr": "Wishlist for fa", "action_flag": 2, "change_message": "[{\"changed\": {\"fields\": [\"Product\"]}}]"}}, {"model": "admin.logentry", "pk": 453, "fields": {"action_time": "2023-09-09T12:17:19.997Z", "user": 7, "content_type": 22, "object_id": "e3a79739-eed8-4516-a77b-484792fc0707", "object_repr": "Wishlist for fa", "action_flag": 3, "change_message": ""}}, {"model": "admin.logentry", "pk": 454, "fields": {"action_time": "2023-09-12T09:52:37.273Z", "user": 7, "content_type": 7, "object_id": "f913c621-6157-470b-abd3-fd9e26702358", "object_repr": "MANCHESTER CITY AUTHENTIC HOME SHIRT 2023/24", "action_flag": 2, "change_message": "[{\"changed\": {\"fields\": [\"Gender\"]}}]"}}, {"model": "admin.logentry", "pk": 455, "fields": {"action_time": "2023-09-12T09:52:44.584Z", "user": 7, "content_type": 7, "object_id": "de1763e0-c36e-4233-93a2-02a46dcdce88", "object_repr": "JUVENTUS AUTHENTIC HOME SHIRT 2023/24", "action_flag": 2, "change_message": "[{\"changed\": {\"fields\": [\"Gender\"]}}]"}}, {"model": "admin.logentry", "pk": 456, "fields": {"action_time": "2023-09-12T09:52:50.888Z", "user": 7, "content_type": 7, "object_id": "ce7aefd5-5b15-41d8-b0a0-b452bb250d74", "object_repr": "GERMANY AUTHENTIC AWAY SHIRT 2022/23", "action_flag": 2, "change_message": "[{\"changed\": {\"fields\": [\"Gender\"]}}]"}}, {"model": "admin.logentry", "pk": 457, "fields": {"action_time": "2023-09-12T09:52:57.253Z", "user": 7, "content_type": 7, "object_id": "cb181aee-52dd-4272-9a21-87796e34f433", "object_repr": "BRAZIL AWAY SHIRT 2022/23", "action_flag": 2, "change_message": "[{\"changed\": {\"fields\": [\"Gender\"]}}]"}}, {"model": "admin.logentry", "pk": 458, "fields": {"action_time": "2023-09-12T09:53:04.747Z", "user": 7, "content_type": 7, "object_id": "bcd116bf-6c63-4631-813b-aeeb622a6101", "object_repr": "Kerala Blasters Home Jersey", "action_flag": 2, "change_message": "[{\"changed\": {\"fields\": [\"Gender\"]}}]"}}, {"model": "admin.logentry", "pk": 459, "fields": {"action_time": "2023-09-12T09:53:11.920Z", "user": 7, "content_type": 7, "object_id": "92d5d14f-779d-4129-afc5-a794293829c9", "object_repr": "MANCHESTER CITY KIDS GREEN GOALKEEPER SHIRT 2023/24", "action_flag": 2, "change_message": "[{\"changed\": {\"fields\": [\"Gender\"]}}]"}}, {"model": "admin.logentry", "pk": 460, "fields": {"action_time": "2023-09-12T09:53:19.763Z", "user": 7, "content_type": 7, "object_id": "92d5d14f-779d-4129-afc5-a794293829c9", "object_repr": "MANCHESTER CITY KIDS GREEN GOALKEEPER SHIRT 2023/24", "action_flag": 2, "change_message": "[{\"changed\": {\"fields\": [\"Gender\"]}}]"}}, {"model": "admin.logentry", "pk": 461, "fields": {"action_time": "2023-09-12T09:53:27.411Z", "user": 7, "content_type": 7, "object_id": "6c6b4f6e-3986-4fd0-acb9-177cf6bbdb39", "object_repr": "PORTUGAL HOME SHIRT 2022/23", "action_flag": 2, "change_message": "[{\"changed\": {\"fields\": [\"Gender\"]}}]"}}, {"model": "admin.logentry", "pk": 462, "fields": {"action_time": "2023-09-12T09:53:34.249Z", "user": 7, "content_type": 7, "object_id": "5b6a0712-4f6f-4588-9663-b77218cad7ee", "object_repr": "BARCELONA HOME SHIRT 2022/23", "action_flag": 2, "change_message": "[{\"changed\": {\"fields\": [\"Gender\"]}}]"}}, {"model": "admin.logentry", "pk": 463, "fields": {"action_time": "2023-09-12T09:53:41.549Z", "user": 7, "content_type": 7, "object_id": "547c0035-31b4-4f81-8d8f-ead38f1c5110", "object_repr": "BAYERN MUNICH AWAY SHIRT 2023/24", "action_flag": 2, "change_message": "[{\"changed\": {\"fields\": [\"Gender\"]}}]"}}, {"model": "admin.logentry", "pk": 464, "fields": {"action_time": "2023-09-12T09:53:47.335Z", "user": 7, "content_type": 7, "object_id": "4a4894f0-2116-4a4e-85f3-ca6292373d4b", "object_repr": "CHELSEA HOME MATCH SHIRT 2022/23", "action_flag": 2, "change_message": "[{\"changed\": {\"fields\": [\"Gender\"]}}]"}}, {"model": "admin.logentry", "pk": 465, "fields": {"action_time": "2023-09-12T09:53:54.146Z", "user": 7, "content_type": 7, "object_id": "4479a530-7b9a-46df-8b00-251d1b75138e", "object_repr": "MANCHESTER CITY WOMEN AWAY JERSEY 2022", "action_flag": 2, "change_message": "[{\"changed\": {\"fields\": [\"Gender\"]}}]"}}, {"model": "admin.logentry", "pk": 466, "fields": {"action_time": "2023-09-12T09:54:00.275Z", "user": 7, "content_type": 7, "object_id": "16ab6d4a-4609-479c-9df8-71f7efb817dd", "object_repr": "ARGENTINA HOME SHIRT 2022/23", "action_flag": 2, "change_message": "[{\"changed\": {\"fields\": [\"Gender\"]}}]"}}, {"model": "admin.logentry", "pk": 467, "fields": {"action_time": "2023-09-12T10:22:13.262Z", "user": 7, "content_type": 9, "object_id": "72309502-a0cd-4d5b-bb42-f4589c1d54a0", "object_repr": "image object (72309502-a0cd-4d5b-bb42-f4589c1d54a0)", "action_flag": 3, "change_message": ""}}, {"model": "admin.logentry", "pk": 468, "fields": {"action_time": "2023-09-12T10:22:13.973Z", "user": 7, "content_type": 9, "object_id": "018ed411-8443-4dbe-aac8-097c3646f217", "object_repr": "image object (018ed411-8443-4dbe-aac8-097c3646f217)", "action_flag": 3, "change_message": ""}}, {"model": "admin.logentry", "pk": 469, "fields": {"action_time": "2023-09-12T10:23:14.538Z", "user": 7, "content_type": 8, "object_id": "6651cfde-c014-4e60-877d-48423305e7db", "object_repr": "BAYERN MUNICH AWAY SHIRT 2023/24 - Medium", "action_flag": 3, "change_message": ""}}, {"model": "admin.logentry", "pk": 470, "fields": {"action_time": "2023-09-12T10:25:29.868Z", "user": 7, "content_type": 9, "object_id": "a9465679-96bf-47b2-926a-81727d09fb5f", "object_repr": "image object (a9465679-96bf-47b2-926a-81727d09fb5f)", "action_flag": 1, "change_message": "[{\"added\": {}}]"}}, {"model": "admin.logentry", "pk": 471, "fields": {"action_time": "2023-09-12T10:25:59.340Z", "user": 7, "content_type": 9, "object_id": "fbd53ca8-d3b5-408e-9ef2-e6b542b5187e", "object_repr": "image object (fbd53ca8-d3b5-408e-9ef2-e6b542b5187e)", "action_flag": 1, "change_message": "[{\"added\": {}}]"}}, {"model": "admin.logentry", "pk": 472, "fields": {"action_time": "2023-09-13T05:41:00.490Z", "user": 7, "content_type": 7, "object_id": "f913c621-6157-470b-abd3-fd9e26702358", "object_repr": "MANCHESTER CITY AUTHENTIC HOME SHIRT 2023/24", "action_flag": 2, "change_message": "[{\"changed\": {\"fields\": [\"Price\"]}}]"}}, {"model": "admin.logentry", "pk": 473, "fields": {"action_time": "2023-09-13T05:41:13.221Z", "user": 7, "content_type": 7, "object_id": "de1763e0-c36e-4233-93a2-02a46dcdce88", "object_repr": "JUVENTUS AUTHENTIC HOME SHIRT 2023/24", "action_flag": 2, "change_message": "[{\"changed\": {\"fields\": [\"Price\"]}}]"}}, {"model": "admin.logentry", "pk": 474, "fields": {"action_time": "2023-09-13T05:41:19.319Z", "user": 7, "content_type": 7, "object_id": "ce7aefd5-5b15-41d8-b0a0-b452bb250d74", "object_repr": "GERMANY AUTHENTIC AWAY SHIRT 2022/23", "action_flag": 2, "change_message": "[{\"changed\": {\"fields\": [\"Price\"]}}]"}}, {"model": "admin.logentry", "pk": 475, "fields": {"action_time": "2023-09-13T05:41:26.797Z", "user": 7, "content_type": 7, "object_id": "cb181aee-52dd-4272-9a21-87796e34f433", "object_repr": "BRAZIL AWAY SHIRT 2022/23", "action_flag": 2, "change_message": "[{\"changed\": {\"fields\": [\"Price\"]}}]"}}, {"model": "admin.logentry", "pk": 476, "fields": {"action_time": "2023-09-13T05:41:33.013Z", "user": 7, "content_type": 7, "object_id": "bcd116bf-6c63-4631-813b-aeeb622a6101", "object_repr": "Kerala Blasters Home Jersey", "action_flag": 2, "change_message": "[{\"changed\": {\"fields\": [\"Price\"]}}]"}}, {"model": "admin.logentry", "pk": 477, "fields": {"action_time": "2023-09-13T05:41:40.856Z", "user": 7, "content_type": 7, "object_id": "92d5d14f-779d-4129-afc5-a794293829c9", "object_repr": "MANCHESTER CITY KIDS GREEN GOALKEEPER SHIRT 2023/24", "action_flag": 2, "change_message": "[{\"changed\": {\"fields\": [\"Price\"]}}]"}}, {"model": "admin.logentry", "pk": 478, "fields": {"action_time": "2023-09-13T05:41:51.746Z", "user": 7, "content_type": 7, "object_id": "6c6b4f6e-3986-4fd0-acb9-177cf6bbdb39", "object_repr": "PORTUGAL HOME SHIRT 2022/23", "action_flag": 2, "change_message": "[{\"changed\": {\"fields\": [\"Price\"]}}]"}}, {"model": "admin.logentry", "pk": 479, "fields": {"action_time": "2023-09-13T05:42:00.904Z", "user": 7, "content_type": 7, "object_id": "5b6a0712-4f6f-4588-9663-b77218cad7ee", "object_repr": "BARCELONA HOME SHIRT 2022/23", "action_flag": 2, "change_message": "[{\"changed\": {\"fields\": [\"Price\"]}}]"}}, {"model": "admin.logentry", "pk": 480, "fields": {"action_time": "2023-09-13T05:42:13.235Z", "user": 7, "content_type": 7, "object_id": "547c0035-31b4-4f81-8d8f-ead38f1c5110", "object_repr": "BAYERN MUNICH AWAY SHIRT 2023/24", "action_flag": 2, "change_message": "[{\"changed\": {\"fields\": [\"Price\"]}}]"}}, {"model": "admin.logentry", "pk": 481, "fields": {"action_time": "2023-09-13T05:42:19.610Z", "user": 7, "content_type": 7, "object_id": "4a4894f0-2116-4a4e-85f3-ca6292373d4b", "object_repr": "CHELSEA HOME MATCH SHIRT 2022/23", "action_flag": 2, "change_message": "[{\"changed\": {\"fields\": [\"Price\"]}}]"}}, {"model": "admin.logentry", "pk": 482, "fields": {"action_time": "2023-09-13T05:42:25.756Z", "user": 7, "content_type": 7, "object_id": "4479a530-7b9a-46df-8b00-251d1b75138e", "object_repr": "MANCHESTER CITY WOMEN AWAY JERSEY 2022", "action_flag": 2, "change_message": "[{\"changed\": {\"fields\": [\"Price\"]}}]"}}, {"model": "admin.logentry", "pk": 483, "fields": {"action_time": "2023-09-13T05:42:31.459Z", "user": 7, "content_type": 7, "object_id": "16ab6d4a-4609-479c-9df8-71f7efb817dd", "object_repr": "ARGENTINA HOME SHIRT 2022/23", "action_flag": 2, "change_message": "[{\"changed\": {\"fields\": [\"Price\"]}}]"}}, {"model": "admin.logentry", "pk": 484, "fields": {"action_time": "2023-09-13T06:25:23.494Z", "user": 7, "content_type": 7, "object_id": "f913c621-6157-470b-abd3-fd9e26702358", "object_repr": "MANCHESTER CITY AUTHENTIC HOME SHIRT 2023/24", "action_flag": 2, "change_message": "[{\"changed\": {\"fields\": [\"Year\"]}}]"}}, {"model": "admin.logentry", "pk": 485, "fields": {"action_time": "2023-09-13T06:29:56.950Z", "user": 7, "content_type": 7, "object_id": "de1763e0-c36e-4233-93a2-02a46dcdce88", "object_repr": "JUVENTUS AUTHENTIC HOME SHIRT 2023/24", "action_flag": 2, "change_message": "[{\"changed\": {\"fields\": [\"Year\"]}}]"}}, {"model": "admin.logentry", "pk": 486, "fields": {"action_time": "2023-09-13T06:30:17.081Z", "user": 7, "content_type": 7, "object_id": "de1763e0-c36e-4233-93a2-02a46dcdce88", "object_repr": "JUVENTUS AUTHENTIC HOME SHIRT 2023/24", "action_flag": 2, "change_message": "[]"}}, {"model": "admin.logentry", "pk": 487, "fields": {"action_time": "2023-09-13T06:33:35.725Z", "user": 7, "content_type": 7, "object_id": "ce7aefd5-5b15-41d8-b0a0-b452bb250d74", "object_repr": "GERMANY AUTHENTIC AWAY SHIRT 2022/23", "action_flag": 2, "change_message": "[{\"changed\": {\"fields\": [\"Year\"]}}]"}}, {"model": "admin.logentry", "pk": 488, "fields": {"action_time": "2023-09-13T06:33:48.878Z", "user": 7, "content_type": 7, "object_id": "cb181aee-52dd-4272-9a21-87796e34f433", "object_repr": "BRAZIL AWAY SHIRT 2022/23", "action_flag": 2, "change_message": "[{\"changed\": {\"fields\": [\"Year\"]}}]"}}, {"model": "admin.logentry", "pk": 489, "fields": {"action_time": "2023-09-13T06:34:37.805Z", "user": 7, "content_type": 7, "object_id": "bcd116bf-6c63-4631-813b-aeeb622a6101", "object_repr": "KERALA BLASTERS HOME JERSEY 22/23", "action_flag": 2, "change_message": "[{\"changed\": {\"fields\": [\"Name\", \"Year\"]}}]"}}, {"model": "admin.logentry", "pk": 490, "fields": {"action_time": "2023-09-13T06:38:01.345Z", "user": 7, "content_type": 7, "object_id": "92d5d14f-779d-4129-afc5-a794293829c9", "object_repr": "MANCHESTER CITY KIDS GREEN GOALKEEPER SHIRT 2023/24", "action_flag": 2, "change_message": "[{\"changed\": {\"fields\": [\"Year\"]}}]"}}, {"model": "admin.logentry", "pk": 491, "fields": {"action_time": "2023-09-13T06:38:17.629Z", "user": 7, "content_type": 7, "object_id": "6c6b4f6e-3986-4fd0-acb9-177cf6bbdb39", "object_repr": "PORTUGAL HOME SHIRT 2022/23", "action_flag": 2, "change_message": "[{\"changed\": {\"fields\": [\"Year\"]}}]"}}, {"model": "admin.logentry", "pk": 492, "fields": {"action_time": "2023-09-13T06:38:25.486Z", "user": 7, "content_type": 7, "object_id": "5b6a0712-4f6f-4588-9663-b77218cad7ee", "object_repr": "BARCELONA HOME SHIRT 2022/23", "action_flag": 2, "change_message": "[{\"changed\": {\"fields\": [\"Year\"]}}]"}}, {"model": "admin.logentry", "pk": 493, "fields": {"action_time": "2023-09-13T06:38:33.542Z", "user": 7, "content_type": 7, "object_id": "547c0035-31b4-4f81-8d8f-ead38f1c5110", "object_repr": "BAYERN MUNICH AWAY SHIRT 2023/24", "action_flag": 2, "change_message": "[{\"changed\": {\"fields\": [\"Year\"]}}]"}}, {"model": "admin.logentry", "pk": 494, "fields": {"action_time": "2023-09-13T06:38:47.651Z", "user": 7, "content_type": 7, "object_id": "4a4894f0-2116-4a4e-85f3-ca6292373d4b", "object_repr": "CHELSEA HOME MATCH SHIRT 2022/23", "action_flag": 2, "change_message": "[{\"changed\": {\"fields\": [\"Year\"]}}]"}}, {"model": "admin.logentry", "pk": 495, "fields": {"action_time": "2023-09-13T06:39:10.343Z", "user": 7, "content_type": 7, "object_id": "4479a530-7b9a-46df-8b00-251d1b75138e", "object_repr": "MANCHESTER CITY WOMEN AWAY JERSEY 2022", "action_flag": 2, "change_message": "[{\"changed\": {\"fields\": [\"Year\"]}}]"}}, {"model": "admin.logentry", "pk": 496, "fields": {"action_time": "2023-09-13T06:39:41.104Z", "user": 7, "content_type": 7, "object_id": "16ab6d4a-4609-479c-9df8-71f7efb817dd", "object_repr": "ARGENTINA HOME SHIRT 2022/23", "action_flag": 2, "change_message": "[{\"changed\": {\"fields\": [\"Year\"]}}]"}}, {"model": "admin.logentry", "pk": 497, "fields": {"action_time": "2023-09-13T06:40:55.471Z", "user": 7, "content_type": 7, "object_id": "19490ac4-94ef-44e4-b37a-fb0a2407ff4f", "object_repr": "MANCHESTER CITY AUTHENTIC HOME SHIRT 2023/24", "action_flag": 1, "change_message": "[{\"added\": {}}]"}}, {"model": "admin.logentry", "pk": 498, "fields": {"action_time": "2023-09-13T06:41:47.745Z", "user": 7, "content_type": 7, "object_id": "19490ac4-94ef-44e4-b37a-fb0a2407ff4f", "object_repr": "MANCHESTER CITY AUTHENTIC HOME SHIRT 2023/24", "action_flag": 2, "change_message": "[{\"changed\": {\"fields\": [\"Gender\"]}}]"}}, {"model": "admin.logentry", "pk": 499, "fields": {"action_time": "2023-09-13T06:41:55.907Z", "user": 7, "content_type": 7, "object_id": "19490ac4-94ef-44e4-b37a-fb0a2407ff4f", "object_repr": "MANCHESTER CITY AUTHENTIC HOME SHIRT 2023/24", "action_flag": 3, "change_message": ""}}, {"model": "admin.logentry", "pk": 500, "fields": {"action_time": "2023-09-13T06:47:50.336Z", "user": 7, "content_type": 7, "object_id": "f913c621-6157-470b-abd3-fd9e26702358", "object_repr": "MANCHESTER CITY AUTHENTIC HOME SHIRT 2023/24", "action_flag": 2, "change_message": "[]"}}, {"model": "admin.logentry", "pk": 501, "fields": {"action_time": "2023-09-21T10:46:02.768Z", "user": 7, "content_type": 17, "object_id": "3f63f82b-d5ad-41fb-8329-92b5137add68", "object_repr": "Cart item for BARCELONA HOME SHIRT 2022/23 - Small", "action_flag": 3, "change_message": ""}}, {"model": "admin.logentry", "pk": 502, "fields": {"action_time": "2023-09-21T10:50:22.081Z", "user": 7, "content_type": 17, "object_id": "7fb035d9-cdd1-4316-958c-99374cd4435c", "object_repr": "Cart item for BARCELONA HOME SHIRT 2022/23 - Small", "action_flag": 3, "change_message": ""}}, {"model": "admin.logentry", "pk": 503, "fields": {"action_time": "2023-09-21T10:51:50.080Z", "user": 7, "content_type": 17, "object_id": "6f95224e-5590-4663-a0ec-26727d5ef864", "object_repr": "Cart item for BARCELONA HOME SHIRT 2022/23 - Medium", "action_flag": 3, "change_message": ""}}, {"model": "admin.logentry", "pk": 504, "fields": {"action_time": "2023-09-21T10:53:58.621Z", "user": 7, "content_type": 18, "object_id": "cefcd70a-5d8c-4d65-bcef-b29c2af111f1", "object_repr": "Cart for fa", "action_flag": 3, "change_message": ""}}, {"model": "admin.logentry", "pk": 505, "fields": {"action_time": "2023-09-21T11:03:01.947Z", "user": 7, "content_type": 17, "object_id": "f00d0e5c-9615-48e6-b767-82500cc3b15e", "object_repr": "Cart item for BARCELONA HOME SHIRT 2022/23 - Small", "action_flag": 3, "change_message": ""}}, {"model": "admin.logentry", "pk": 506, "fields": {"action_time": "2023-09-21T11:36:27.048Z", "user": 7, "content_type": 17, "object_id": "1e554931-8979-470b-8886-4b335f878a6e", "object_repr": "Cart item for BARCELONA HOME SHIRT 2022/23 - Small", "action_flag": 3, "change_message": ""}}, {"model": "admin.logentry", "pk": 507, "fields": {"action_time": "2023-09-21T11:43:48.295Z", "user": 7, "content_type": 17, "object_id": "f1552f75-e561-4062-8a69-9a9c688d000b", "object_repr": "Cart item for BARCELONA HOME SHIRT 2022/23 - Medium", "action_flag": 3, "change_message": ""}}, {"model": "admin.logentry", "pk": 508, "fields": {"action_time": "2023-09-21T12:00:25.497Z", "user": 7, "content_type": 17, "object_id": "9b3faefd-a076-4356-b726-b079d27901b8", "object_repr": "Cart item for BARCELONA HOME SHIRT 2022/23 - Small", "action_flag": 3, "change_message": ""}}, {"model": "admin.logentry", "pk": 509, "fields": {"action_time": "2023-09-23T15:48:25.824Z", "user": 7, "content_type": 17, "object_id": "ec244084-75e5-4f38-ae37-46049222da58", "object_repr": "Cart item for BARCELONA HOME SHIRT 2022/23 - Small", "action_flag": 3, "change_message": ""}}, {"model": "admin.logentry", "pk": 510, "fields": {"action_time": "2023-09-23T15:48:25.849Z", "user": 7, "content_type": 17, "object_id": "e58dfd4c-9f5b-4325-8a09-17cf01877b37", "object_repr": "Cart item for BARCELONA HOME SHIRT 2022/23 - Small", "action_flag": 3, "change_message": ""}}, {"model": "admin.logentry", "pk": 511, "fields": {"action_time": "2023-09-23T15:48:25.871Z", "user": 7, "content_type": 17, "object_id": "6b915b3b-504b-4328-82ce-cb720351052a", "object_repr": "Cart item for BARCELONA HOME SHIRT 2022/23 - Small", "action_flag": 3, "change_message": ""}}, {"model": "admin.logentry", "pk": 512, "fields": {"action_time": "2023-09-23T15:48:25.893Z", "user": 7, "content_type": 17, "object_id": "2af257b4-5b95-4e36-a673-188684310d3c", "object_repr": "Cart item for BARCELONA HOME SHIRT 2022/23 - Small", "action_flag": 3, "change_message": ""}}, {"model": "admin.logentry", "pk": 513, "fields": {"action_time": "2023-09-23T15:48:25.916Z", "user": 7, "content_type": 17, "object_id": "1ea2e20f-621c-4d39-8b1c-aca4eb937866", "object_repr": "Cart item for BARCELONA HOME SHIRT 2022/23 - Small", "action_flag": 3, "change_message": ""}}, {"model": "admin.logentry", "pk": 514, "fields": {"action_time": "2023-09-23T15:50:08.122Z", "user": 7, "content_type": 17, "object_id": "d1717468-0123-4dc1-b649-6f0f825846eb", "object_repr": "Cart item for BARCELONA HOME SHIRT 2022/23 - Small", "action_flag": 3, "change_message": ""}}, {"model": "admin.logentry", "pk": 515, "fields": {"action_time": "2023-09-24T08:09:28.444Z", "user": 7, "content_type": 25, "object_id": "0ca68303-29fa-4f38-a534-9217ed34de7f", "object_repr": "Address object (0ca68303-29fa-4f38-a534-9217ed34de7f)", "action_flag": 1, "change_message": "[{\"added\": {}}]"}}, {"model": "admin.logentry", "pk": 516, "fields": {"action_time": "2023-09-25T09:08:42.785Z", "user": 7, "content_type": 17, "object_id": "f97dac2d-10de-4c67-8a1b-48bc5ab9551c", "object_repr": "Cart item for BARCELONA HOME SHIRT 2022/23 - Small", "action_flag": 3, "change_message": ""}}, {"model": "admin.logentry", "pk": 517, "fields": {"action_time": "2023-09-25T09:08:43.110Z", "user": 7, "content_type": 17, "object_id": "b298e75a-06fe-49b4-a468-39f369f34df7", "object_repr": "Cart item for BARCELONA HOME SHIRT 2022/23 - Small", "action_flag": 3, "change_message": ""}}, {"model": "admin.logentry", "pk": 518, "fields": {"action_time": "2023-09-25T09:08:43.120Z", "user": 7, "content_type": 17, "object_id": "8b21299b-79cb-42bf-bc37-269e21dc07ee", "object_repr": "Cart item for BARCELONA HOME SHIRT 2022/23 - Small", "action_flag": 3, "change_message": ""}}, {"model": "admin.logentry", "pk": 519, "fields": {"action_time": "2023-09-25T09:08:43.133Z", "user": 7, "content_type": 17, "object_id": "6c57acb0-fee2-48a4-9a5b-ddd4867b4589", "object_repr": "Cart item for BARCELONA HOME SHIRT 2022/23 - Small", "action_flag": 3, "change_message": ""}}, {"model": "admin.logentry", "pk": 520, "fields": {"action_time": "2023-09-25T09:08:43.142Z", "user": 7, "content_type": 17, "object_id": "6c05025b-b84f-463e-9b21-bdc470407fe4", "object_repr": "Cart item for BARCELONA HOME SHIRT 2022/23 - Small", "action_flag": 3, "change_message": ""}}, {"model": "admin.logentry", "pk": 521, "fields": {"action_time": "2023-09-25T09:08:43.154Z", "user": 7, "content_type": 17, "object_id": "57c42a5a-f42f-4cae-87ac-a39446cc15e4", "object_repr": "Cart item for BARCELONA HOME SHIRT 2022/23 - Small", "action_flag": 3, "change_message": ""}}, {"model": "admin.logentry", "pk": 522, "fields": {"action_time": "2023-09-25T09:08:43.166Z", "user": 7, "content_type": 17, "object_id": "1899a837-600f-46fc-a484-dd22a3e58d8c", "object_repr": "Cart item for BARCELONA HOME SHIRT 2022/23 - Small", "action_flag": 3, "change_message": ""}}, {"model": "admin.logentry", "pk": 523, "fields": {"action_time": "2023-09-25T09:24:57.934Z", "user": 7, "content_type": 17, "object_id": "f847735c-d4e9-4c0b-a8f8-0ad4d4b23ec3", "object_repr": "Cart item for BARCELONA HOME SHIRT 2022/23 - Small", "action_flag": 3, "change_message": ""}}, {"model": "admin.logentry", "pk": 524, "fields": {"action_time": "2023-09-25T09:36:12.392Z", "user": 7, "content_type": 17, "object_id": "5c1803fb-3e7e-4429-87f6-1656b85cfb16", "object_repr": "Cart item for BARCELONA HOME SHIRT 2022/23 - Medium", "action_flag": 3, "change_message": ""}}, {"model": "admin.logentry", "pk": 525, "fields": {"action_time": "2023-09-25T09:56:25.297Z", "user": 7, "content_type": 17, "object_id": "acc5d6ca-cac2-4610-b94d-6832a2075a96", "object_repr": "Cart item for BARCELONA HOME SHIRT 2022/23 - Medium", "action_flag": 3, "change_message": ""}}, {"model": "admin.logentry", "pk": 526, "fields": {"action_time": "2023-09-25T09:56:37.031Z", "user": 7, "content_type": 18, "object_id": "3909b666-4676-41f6-bcfe-228428c4bad6", "object_repr": "Cart for fa", "action_flag": 3, "change_message": ""}}, {"model": "admin.logentry", "pk": 527, "fields": {"action_time": "2023-09-25T14:01:36.037Z", "user": 7, "content_type": 25, "object_id": "0ca68303-29fa-4f38-a534-9217ed34de7f", "object_repr": "Address object (0ca68303-29fa-4f38-a534-9217ed34de7f)", "action_flag": 2, "change_message": "[{\"changed\": {\"fields\": [\"Country\"]}}]"}}, {"model": "admin.logentry", "pk": 528, "fields": {"action_time": "2023-09-25T14:04:32.624Z", "user": 7, "content_type": 25, "object_id": "244dc1eb-1a43-44f3-a022-0a7731e4b963", "object_repr": "Address object (244dc1eb-1a43-44f3-a022-0a7731e4b963)", "action_flag": 1, "change_message": "[{\"added\": {}}]"}}, {"model": "admin.logentry", "pk": 529, "fields": {"action_time": "2023-09-27T05:17:10.369Z", "user": 7, "content_type": 25, "object_id": "ebae35bb-cc02-4fc3-ab48-82362757627d", "object_repr": "fayiz, muthambi, perambra, IN", "action_flag": 2, "change_message": "[{\"changed\": {\"fields\": [\"Name\", \"Phone number\"]}}]"}}, {"model": "admin.logentry", "pk": 530, "fields": {"action_time": "2023-09-27T05:17:27.968Z", "user": 7, "content_type": 25, "object_id": "244dc1eb-1a43-44f3-a022-0a7731e4b963", "object_repr": "hadik, Arikkulam, kozhikode, IN", "action_flag": 2, "change_message": "[{\"changed\": {\"fields\": [\"Name\", \"Phone number\"]}}]"}}, {"model": "admin.logentry", "pk": 531, "fields": {"action_time": "2023-09-27T05:17:58.678Z", "user": 7, "content_type": 25, "object_id": "0ca68303-29fa-4f38-a534-9217ed34de7f", "object_repr": "Amrutha, koyilandy, kozhikode, IN", "action_flag": 2, "change_message": "[{\"changed\": {\"fields\": [\"Name\", \"Phone number\"]}}]"}}, {"model": "admin.logentry", "pk": 532, "fields": {"action_time": "2023-09-29T10:34:48.029Z", "user": 7, "content_type": 18, "object_id": "2bc77369-95b1-4983-8370-c129f56bbddf", "object_repr": "Cart for fa", "action_flag": 3, "change_message": ""}}, {"model": "admin.logentry", "pk": 533, "fields": {"action_time": "2023-09-29T10:35:10.104Z", "user": 7, "content_type": 26, "object_id": "3429ec66-f89f-4057-94bf-c9fc2ca13825", "object_repr": "Order 3429ec66-f89f-4057-94bf-c9fc2ca13825 by fa@gmail.com", "action_flag": 3, "change_message": ""}}, {"model": "admin.logentry", "pk": 534, "fields": {"action_time": "2023-09-30T04:40:32.433Z", "user": 7, "content_type": 26, "object_id": "d8cdd207-0ce3-4a53-a8c6-58bcdd9e1165", "object_repr": "Order d8cdd207-0ce3-4a53-a8c6-58bcdd9e1165 by fa@gmail.com", "action_flag": 3, "change_message": ""}}, {"model": "admin.logentry", "pk": 535, "fields": {"action_time": "2023-09-30T04:40:33.036Z", "user": 7, "content_type": 26, "object_id": "aac1d94f-b03e-46fe-83ff-c95326e557a6", "object_repr": "Order aac1d94f-b03e-46fe-83ff-c95326e557a6 by fa@gmail.com", "action_flag": 3, "change_message": ""}}, {"model": "admin.logentry", "pk": 536, "fields": {"action_time": "2023-09-30T04:40:33.047Z", "user": 7, "content_type": 26, "object_id": "55f6e2ce-e103-4330-8fdb-b7401f9ed060", "object_repr": "Order 55f6e2ce-e103-4330-8fdb-b7401f9ed060 by fa@gmail.com", "action_flag": 3, "change_message": ""}}, {"model": "admin.logentry", "pk": 537, "fields": {"action_time": "2023-09-30T04:40:33.058Z", "user": 7, "content_type": 26, "object_id": "1f4119fe-1c44-4943-9185-b30a17389bfd", "object_repr": "Order 1f4119fe-1c44-4943-9185-b30a17389bfd by fa@gmail.com", "action_flag": 3, "change_message": ""}}, {"model": "admin.logentry", "pk": 538, "fields": {"action_time": "2023-09-30T10:23:40.300Z", "user": 7, "content_type": 26, "object_id": "6753a93a-0241-4f40-92cb-f73008d55470", "object_repr": "Order 6753a93a-0241-4f40-92cb-f73008d55470 by fa@gmail.com", "action_flag": 3, "change_message": ""}}, {"model": "admin.logentry", "pk": 539, "fields": {"action_time": "2023-09-30T14:10:49.801Z", "user": 7, "content_type": 26, "object_id": "2c3df5d9-a75c-49b6-9320-88953f190211", "object_repr": "Order 2c3df5d9-a75c-49b6-9320-88953f190211 by fa@gmail.com", "action_flag": 3, "change_message": ""}}, {"model": "admin.logentry", "pk": 540, "fields": {"action_time": "2023-09-30T14:11:47.325Z", "user": 7, "content_type": 26, "object_id": "8b522df4-b2fa-4915-aada-2cd56369ac44", "object_repr": "Order 8b522df4-b2fa-4915-aada-2cd56369ac44 by fa@gmail.com", "action_flag": 3, "change_message": ""}}, {"model": "admin.logentry", "pk": 541, "fields": {"action_time": "2023-09-30T14:20:44.494Z", "user": 7, "content_type": 26, "object_id": "165f4e4b-dd67-42b3-8fe0-f176a7948a10", "object_repr": "Order 165f4e4b-dd67-42b3-8fe0-f176a7948a10 by fa@gmail.com", "action_flag": 3, "change_message": ""}}, {"model": "admin.logentry", "pk": 542, "fields": {"action_time": "2023-09-30T14:32:58.808Z", "user": 7, "content_type": 26, "object_id": "f8b116e1-e420-4f54-b072-e2a7c44abc13", "object_repr": "Order f8b116e1-e420-4f54-b072-e2a7c44abc13 by fa@gmail.com", "action_flag": 3, "change_message": ""}}, {"model": "admin.logentry", "pk": 543, "fields": {"action_time": "2023-09-30T14:33:23.724Z", "user": 7, "content_type": 26, "object_id": "0aac5b03-a2a1-44f7-9739-6a0c89310b42", "object_repr": "Order 0aac5b03-a2a1-44f7-9739-6a0c89310b42 by fa@gmail.com", "action_flag": 3, "change_message": ""}}, {"model": "admin.logentry", "pk": 544, "fields": {"action_time": "2023-09-30T14:37:23.097Z", "user": 7, "content_type": 26, "object_id": "7e745a1f-346a-4906-833b-c4c897784e53", "object_repr": "Order 7e745a1f-346a-4906-833b-c4c897784e53 by fa@gmail.com", "action_flag": 3, "change_message": ""}}, {"model": "admin.logentry", "pk": 545, "fields": {"action_time": "2023-09-30T14:47:59.449Z", "user": 7, "content_type": 26, "object_id": "706bed8a-c38b-476c-b234-4b7ed1a1ad72", "object_repr": "Order 706bed8a-c38b-476c-b234-4b7ed1a1ad72 by fa@gmail.com", "action_flag": 3, "change_message": ""}}, {"model": "admin.logentry", "pk": 546, "fields": {"action_time": "2023-09-30T14:51:22.229Z", "user": 7, "content_type": 26, "object_id": "748c174a-841f-40cd-ae2e-dad2f3dbf663", "object_repr": "Order 748c174a-841f-40cd-ae2e-dad2f3dbf663 by fa@gmail.com", "action_flag": 3, "change_message": ""}}, {"model": "admin.logentry", "pk": 547, "fields": {"action_time": "2023-10-01T05:51:12.806Z", "user": 7, "content_type": 28, "object_id": "f974b4e7-d7bf-486e-8ff7-0d08f4e159ba", "object_repr": "Review object (f974b4e7-d7bf-486e-8ff7-0d08f4e159ba)", "action_flag": 1, "change_message": "[{\"added\": {}}]"}}, {"model": "admin.logentry", "pk": 548, "fields": {"action_time": "2023-10-01T05:52:02.084Z", "user": 7, "content_type": 27, "object_id": "3068cf4a-7156-42dc-8c8b-a89e47cb6d66", "object_repr": "ReviewImage object (3068cf4a-7156-42dc-8c8b-a89e47cb6d66)", "action_flag": 1, "change_message": "[{\"added\": {}}]"}}, {"model": "admin.logentry", "pk": 549, "fields": {"action_time": "2023-10-02T13:51:03.939Z", "user": 7, "content_type": 31, "object_id": "e9fee13e-bfc8-4d6f-b600-1151559834ff", "object_repr": "FIRST50", "action_flag": 1, "change_message": "[{\"added\": {}}]"}}, {"model": "admin.logentry", "pk": 550, "fields": {"action_time": "2023-10-03T09:24:43.370Z", "user": 7, "content_type": 26, "object_id": "7845705f-c9b1-497e-8819-ddf208ce7a56", "object_repr": "Order 7845705f-c9b1-497e-8819-ddf208ce7a56 by fa@gmail.com", "action_flag": 3, "change_message": ""}}, {"model": "admin.logentry", "pk": 551, "fields": {"action_time": "2023-10-03T10:01:31.436Z", "user": 7, "content_type": 26, "object_id": "e4bb8cb3-adef-40c9-b10e-55eddffa3a8d", "object_repr": "Order e4bb8cb3-adef-40c9-b10e-55eddffa3a8d by fa@gmail.com", "action_flag": 3, "change_message": ""}}, {"model": "admin.logentry", "pk": 552, "fields": {"action_time": "2023-10-03T10:01:31.460Z", "user": 7, "content_type": 26, "object_id": "c92f887b-91e7-42dd-9e3a-b1991386878d", "object_repr": "Order c92f887b-91e7-42dd-9e3a-b1991386878d by fa@gmail.com", "action_flag": 3, "change_message": ""}}, {"model": "admin.logentry", "pk": 553, "fields": {"action_time": "2023-10-03T10:01:31.471Z", "user": 7, "content_type": 26, "object_id": "ac264357-318f-4701-b74a-57811d727540", "object_repr": "Order ac264357-318f-4701-b74a-57811d727540 by fa@gmail.com", "action_flag": 3, "change_message": ""}}, {"model": "admin.logentry", "pk": 554, "fields": {"action_time": "2023-10-03T10:01:31.482Z", "user": 7, "content_type": 26, "object_id": "9c43a207-4cce-439a-a08d-141217f517d1", "object_repr": "Order 9c43a207-4cce-439a-a08d-141217f517d1 by fa@gmail.com", "action_flag": 3, "change_message": ""}}, {"model": "admin.logentry", "pk": 555, "fields": {"action_time": "2023-10-03T10:01:31.492Z", "user": 7, "content_type": 26, "object_id": "5b565620-8849-4ca0-91f4-8d9942cb9fbe", "object_repr": "Order 5b565620-8849-4ca0-91f4-8d9942cb9fbe by fa@gmail.com", "action_flag": 3, "change_message": ""}}, {"model": "admin.logentry", "pk": 556, "fields": {"action_time": "2023-10-03T10:01:31.536Z", "user": 7, "content_type": 26, "object_id": "2b0ba10b-35eb-4477-a9b6-95017c6ce3a7", "object_repr": "Order 2b0ba10b-35eb-4477-a9b6-95017c6ce3a7 by fa@gmail.com", "action_flag": 3, "change_message": ""}}, {"model": "admin.logentry", "pk": 557, "fields": {"action_time": "2023-10-03T10:01:31.548Z", "user": 7, "content_type": 26, "object_id": "1e53a700-c160-4cdb-9ab4-361743775e60", "object_repr": "Order 1e53a700-c160-4cdb-9ab4-361743775e60 by fa@gmail.com", "action_flag": 3, "change_message": ""}}, {"model": "admin.logentry", "pk": 558, "fields": {"action_time": "2023-10-03T10:01:31.559Z", "user": 7, "content_type": 26, "object_id": "176d9c52-23bd-44a2-9714-d781a15eb559", "object_repr": "Order 176d9c52-23bd-44a2-9714-d781a15eb559 by fa@gmail.com", "action_flag": 3, "change_message": ""}}, {"model": "admin.logentry", "pk": 559, "fields": {"action_time": "2023-10-03T14:51:28.459Z", "user": 7, "content_type": 31, "object_id": "321b094b-6fc3-4b62-9f1a-ac9098ae03dd", "object_repr": "RED10000", "action_flag": 1, "change_message": "[{\"added\": {}}]"}}, {"model": "auth.permission", "pk": 1, "fields": {"name": "Can add log entry", "content_type": 1, "codename": "add_logentry"}}, {"model": "auth.permission", "pk": 2, "fields": {"name": "Can change log entry", "content_type": 1, "codename": "change_logentry"}}, {"model": "auth.permission", "pk": 3, "fields": {"name": "Can delete log entry", "content_type": 1, "codename": "delete_logentry"}}, {"model": "auth.permission", "pk": 4, "fields": {"name": "Can view log entry", "content_type": 1, "codename": "view_logentry"}}, {"model": "auth.permission", "pk": 5, "fields": {"name": "Can add permission", "content_type": 2, "codename": "add_permission"}}, {"model": "auth.permission", "pk": 6, "fields": {"name": "Can change permission", "content_type": 2, "codename": "change_permission"}}, {"model": "auth.permission", "pk": 7, "fields": {"name": "Can delete permission", "content_type": 2, "codename": "delete_permission"}}, {"model": "auth.permission", "pk": 8, "fields": {"name": "Can view permission", "content_type": 2, "codename": "view_permission"}}, {"model": "auth.permission", "pk": 9, "fields": {"name": "Can add group", "content_type": 3, "codename": "add_group"}}, {"model": "auth.permission", "pk": 10, "fields": {"name": "Can change group", "content_type": 3, "codename": "change_group"}}, {"model": "auth.permission", "pk": 11, "fields": {"name": "Can delete group", "content_type": 3, "codename": "delete_group"}}, {"model": "auth.permission", "pk": 12, "fields": {"name": "Can view group", "content_type": 3, "codename": "view_group"}}, {"model": "auth.permission", "pk": 13, "fields": {"name": "Can add content type", "content_type": 4, "codename": "add_contenttype"}}, {"model": "auth.permission", "pk": 14, "fields": {"name": "Can change content type", "content_type": 4, "codename": "change_contenttype"}}, {"model": "auth.permission", "pk": 15, "fields": {"name": "Can delete content type", "content_type": 4, "codename": "delete_contenttype"}}, {"model": "auth.permission", "pk": 16, "fields": {"name": "Can view content type", "content_type": 4, "codename": "view_contenttype"}}, {"model": "auth.permission", "pk": 17, "fields": {"name": "Can add session", "content_type": 5, "codename": "add_session"}}, {"model": "auth.permission", "pk": 18, "fields": {"name": "Can change session", "content_type": 5, "codename": "change_session"}}, {"model": "auth.permission", "pk": 19, "fields": {"name": "Can delete session", "content_type": 5, "codename": "delete_session"}}, {"model": "auth.permission", "pk": 20, "fields": {"name": "Can view session", "content_type": 5, "codename": "view_session"}}, {"model": "auth.permission", "pk": 21, "fields": {"name": "Can add user profile", "content_type": 6, "codename": "add_userprofile"}}, {"model": "auth.permission", "pk": 22, "fields": {"name": "Can change user profile", "content_type": 6, "codename": "change_userprofile"}}, {"model": "auth.permission", "pk": 23, "fields": {"name": "Can delete user profile", "content_type": 6, "codename": "delete_userprofile"}}, {"model": "auth.permission", "pk": 24, "fields": {"name": "Can view user profile", "content_type": 6, "codename": "view_userprofile"}}, {"model": "auth.permission", "pk": 25, "fields": {"name": "Can add product", "content_type": 7, "codename": "add_product"}}, {"model": "auth.permission", "pk": 26, "fields": {"name": "Can change product", "content_type": 7, "codename": "change_product"}}, {"model": "auth.permission", "pk": 27, "fields": {"name": "Can delete product", "content_type": 7, "codename": "delete_product"}}, {"model": "auth.permission", "pk": 28, "fields": {"name": "Can view product", "content_type": 7, "codename": "view_product"}}, {"model": "auth.permission", "pk": 29, "fields": {"name": "Can add product item", "content_type": 8, "codename": "add_productitem"}}, {"model": "auth.permission", "pk": 30, "fields": {"name": "Can change product item", "content_type": 8, "codename": "change_productitem"}}, {"model": "auth.permission", "pk": 31, "fields": {"name": "Can delete product item", "content_type": 8, "codename": "delete_productitem"}}, {"model": "auth.permission", "pk": 32, "fields": {"name": "Can view product item", "content_type": 8, "codename": "view_productitem"}}, {"model": "auth.permission", "pk": 33, "fields": {"name": "Can add image", "content_type": 9, "codename": "add_image"}}, {"model": "auth.permission", "pk": 34, "fields": {"name": "Can change image", "content_type": 9, "codename": "change_image"}}, {"model": "auth.permission", "pk": 35, "fields": {"name": "Can delete image", "content_type": 9, "codename": "delete_image"}}, {"model": "auth.permission", "pk": 36, "fields": {"name": "Can view image", "content_type": 9, "codename": "view_image"}}, {"model": "auth.permission", "pk": 37, "fields": {"name": "Can add continent", "content_type": 10, "codename": "add_continent"}}, {"model": "auth.permission", "pk": 38, "fields": {"name": "Can change continent", "content_type": 10, "codename": "change_continent"}}, {"model": "auth.permission", "pk": 39, "fields": {"name": "Can delete continent", "content_type": 10, "codename": "delete_continent"}}, {"model": "auth.permission", "pk": 40, "fields": {"name": "Can view continent", "content_type": 10, "codename": "view_continent"}}, {"model": "auth.permission", "pk": 41, "fields": {"name": "Can add country", "content_type": 11, "codename": "add_country"}}, {"model": "auth.permission", "pk": 42, "fields": {"name": "Can change country", "content_type": 11, "codename": "change_country"}}, {"model": "auth.permission", "pk": 43, "fields": {"name": "Can delete country", "content_type": 11, "codename": "delete_country"}}, {"model": "auth.permission", "pk": 44, "fields": {"name": "Can view country", "content_type": 11, "codename": "view_country"}}, {"model": "auth.permission", "pk": 45, "fields": {"name": "Can add league", "content_type": 12, "codename": "add_league"}}, {"model": "auth.permission", "pk": 46, "fields": {"name": "Can change league", "content_type": 12, "codename": "change_league"}}, {"model": "auth.permission", "pk": 47, "fields": {"name": "Can delete league", "content_type": 12, "codename": "delete_league"}}, {"model": "auth.permission", "pk": 48, "fields": {"name": "Can view league", "content_type": 12, "codename": "view_league"}}, {"model": "auth.permission", "pk": 49, "fields": {"name": "Can add club", "content_type": 13, "codename": "add_club"}}, {"model": "auth.permission", "pk": 50, "fields": {"name": "Can change club", "content_type": 13, "codename": "change_club"}}, {"model": "auth.permission", "pk": 51, "fields": {"name": "Can delete club", "content_type": 13, "codename": "delete_club"}}, {"model": "auth.permission", "pk": 52, "fields": {"name": "Can view club", "content_type": 13, "codename": "view_club"}}, {"model": "auth.permission", "pk": 53, "fields": {"name": "Can add country model", "content_type": 14, "codename": "add_countrymodel"}}, {"model": "auth.permission", "pk": 54, "fields": {"name": "Can change country model", "content_type": 14, "codename": "change_countrymodel"}}, {"model": "auth.permission", "pk": 55, "fields": {"name": "Can delete country model", "content_type": 14, "codename": "delete_countrymodel"}}, {"model": "auth.permission", "pk": 56, "fields": {"name": "Can view country model", "content_type": 14, "codename": "view_countrymodel"}}, {"model": "auth.permission", "pk": 57, "fields": {"name": "Can add cart item", "content_type": 15, "codename": "add_cartitem"}}, {"model": "auth.permission", "pk": 58, "fields": {"name": "Can change cart item", "content_type": 15, "codename": "change_cartitem"}}, {"model": "auth.permission", "pk": 59, "fields": {"name": "Can delete cart item", "content_type": 15, "codename": "delete_cartitem"}}, {"model": "auth.permission", "pk": 60, "fields": {"name": "Can view cart item", "content_type": 15, "codename": "view_cartitem"}}, {"model": "auth.permission", "pk": 61, "fields": {"name": "Can add cart", "content_type": 16, "codename": "add_cart"}}, {"model": "auth.permission", "pk": 62, "fields": {"name": "Can change cart", "content_type": 16, "codename": "change_cart"}}, {"model": "auth.permission", "pk": 63, "fields": {"name": "Can delete cart", "content_type": 16, "codename": "delete_cart"}}, {"model": "auth.permission", "pk": 64, "fields": {"name": "Can view cart", "content_type": 16, "codename": "view_cart"}}, {"model": "auth.permission", "pk": 65, "fields": {"name": "Can add cart item", "content_type": 17, "codename": "add_cartitem"}}, {"model": "auth.permission", "pk": 66, "fields": {"name": "Can change cart item", "content_type": 17, "codename": "change_cartitem"}}, {"model": "auth.permission", "pk": 67, "fields": {"name": "Can delete cart item", "content_type": 17, "codename": "delete_cartitem"}}, {"model": "auth.permission", "pk": 68, "fields": {"name": "Can view cart item", "content_type": 17, "codename": "view_cartitem"}}, {"model": "auth.permission", "pk": 69, "fields": {"name": "Can add cart", "content_type": 18, "codename": "add_cart"}}, {"model": "auth.permission", "pk": 70, "fields": {"name": "Can change cart", "content_type": 18, "codename": "change_cart"}}, {"model": "auth.permission", "pk": 71, "fields": {"name": "Can delete cart", "content_type": 18, "codename": "delete_cart"}}, {"model": "auth.permission", "pk": 72, "fields": {"name": "Can view cart", "content_type": 18, "codename": "view_cart"}}, {"model": "auth.permission", "pk": 73, "fields": {"name": "Can add wishlist", "content_type": 19, "codename": "add_wishlist"}}, {"model": "auth.permission", "pk": 74, "fields": {"name": "Can change wishlist", "content_type": 19, "codename": "change_wishlist"}}, {"model": "auth.permission", "pk": 75, "fields": {"name": "Can delete wishlist", "content_type": 19, "codename": "delete_wishlist"}}, {"model": "auth.permission", "pk": 76, "fields": {"name": "Can view wishlist", "content_type": 19, "codename": "view_wishlist"}}, {"model": "auth.permission", "pk": 77, "fields": {"name": "Can add wishlist", "content_type": 20, "codename": "add_wishlist"}}, {"model": "auth.permission", "pk": 78, "fields": {"name": "Can change wishlist", "content_type": 20, "codename": "change_wishlist"}}, {"model": "auth.permission", "pk": 79, "fields": {"name": "Can delete wishlist", "content_type": 20, "codename": "delete_wishlist"}}, {"model": "auth.permission", "pk": 80, "fields": {"name": "Can view wishlist", "content_type": 20, "codename": "view_wishlist"}}, {"model": "auth.permission", "pk": 81, "fields": {"name": "Can add wishlist model", "content_type": 21, "codename": "add_wishlistmodel"}}, {"model": "auth.permission", "pk": 82, "fields": {"name": "Can change wishlist model", "content_type": 21, "codename": "change_wishlistmodel"}}, {"model": "auth.permission", "pk": 83, "fields": {"name": "Can delete wishlist model", "content_type": 21, "codename": "delete_wishlistmodel"}}, {"model": "auth.permission", "pk": 84, "fields": {"name": "Can view wishlist model", "content_type": 21, "codename": "view_wishlistmodel"}}, {"model": "auth.permission", "pk": 85, "fields": {"name": "Can add wishlist model", "content_type": 22, "codename": "add_wishlistmodel"}}, {"model": "auth.permission", "pk": 86, "fields": {"name": "Can change wishlist model", "content_type": 22, "codename": "change_wishlistmodel"}}, {"model": "auth.permission", "pk": 87, "fields": {"name": "Can delete wishlist model", "content_type": 22, "codename": "delete_wishlistmodel"}}, {"model": "auth.permission", "pk": 88, "fields": {"name": "Can view wishlist model", "content_type": 22, "codename": "view_wishlistmodel"}}, {"model": "auth.permission", "pk": 89, "fields": {"name": "Can add wishlist item", "content_type": 23, "codename": "add_wishlistitem"}}, {"model": "auth.permission", "pk": 90, "fields": {"name": "Can change wishlist item", "content_type": 23, "codename": "change_wishlistitem"}}, {"model": "auth.permission", "pk": 91, "fields": {"name": "Can delete wishlist item", "content_type": 23, "codename": "delete_wishlistitem"}}, {"model": "auth.permission", "pk": 92, "fields": {"name": "Can view wishlist item", "content_type": 23, "codename": "view_wishlistitem"}}, {"model": "auth.permission", "pk": 93, "fields": {"name": "Can add order item", "content_type": 24, "codename": "add_orderitem"}}, {"model": "auth.permission", "pk": 94, "fields": {"name": "Can change order item", "content_type": 24, "codename": "change_orderitem"}}, {"model": "auth.permission", "pk": 95, "fields": {"name": "Can delete order item", "content_type": 24, "codename": "delete_orderitem"}}, {"model": "auth.permission", "pk": 96, "fields": {"name": "Can view order item", "content_type": 24, "codename": "view_orderitem"}}, {"model": "auth.permission", "pk": 97, "fields": {"name": "Can add address", "content_type": 25, "codename": "add_address"}}, {"model": "auth.permission", "pk": 98, "fields": {"name": "Can change address", "content_type": 25, "codename": "change_address"}}, {"model": "auth.permission", "pk": 99, "fields": {"name": "Can delete address", "content_type": 25, "codename": "delete_address"}}, {"model": "auth.permission", "pk": 100, "fields": {"name": "Can view address", "content_type": 25, "codename": "view_address"}}, {"model": "auth.permission", "pk": 101, "fields": {"name": "Can add order", "content_type": 26, "codename": "add_order"}}, {"model": "auth.permission", "pk": 102, "fields": {"name": "Can change order", "content_type": 26, "codename": "change_order"}}, {"model": "auth.permission", "pk": 103, "fields": {"name": "Can delete order", "content_type": 26, "codename": "delete_order"}}, {"model": "auth.permission", "pk": 104, "fields": {"name": "Can view order", "content_type": 26, "codename": "view_order"}}, {"model": "auth.permission", "pk": 105, "fields": {"name": "Can add review image", "content_type": 27, "codename": "add_reviewimage"}}, {"model": "auth.permission", "pk": 106, "fields": {"name": "Can change review image", "content_type": 27, "codename": "change_reviewimage"}}, {"model": "auth.permission", "pk": 107, "fields": {"name": "Can delete review image", "content_type": 27, "codename": "delete_reviewimage"}}, {"model": "auth.permission", "pk": 108, "fields": {"name": "Can view review image", "content_type": 27, "codename": "view_reviewimage"}}, {"model": "auth.permission", "pk": 109, "fields": {"name": "Can add review", "content_type": 28, "codename": "add_review"}}, {"model": "auth.permission", "pk": 110, "fields": {"name": "Can change review", "content_type": 28, "codename": "change_review"}}, {"model": "auth.permission", "pk": 111, "fields": {"name": "Can delete review", "content_type": 28, "codename": "delete_review"}}, {"model": "auth.permission", "pk": 112, "fields": {"name": "Can view review", "content_type": 28, "codename": "view_review"}}, {"model": "auth.permission", "pk": 113, "fields": {"name": "Can add review images", "content_type": 29, "codename": "add_reviewimages"}}, {"model": "auth.permission", "pk": 114, "fields": {"name": "Can change review images", "content_type": 29, "codename": "change_reviewimages"}}, {"model": "auth.permission", "pk": 115, "fields": {"name": "Can delete review images", "content_type": 29, "codename": "delete_reviewimages"}}, {"model": "auth.permission", "pk": 116, "fields": {"name": "Can view review images", "content_type": 29, "codename": "view_reviewimages"}}, {"model": "auth.permission", "pk": 117, "fields": {"name": "Can add reviews", "content_type": 30, "codename": "add_reviews"}}, {"model": "auth.permission", "pk": 118, "fields": {"name": "Can change reviews", "content_type": 30, "codename": "change_reviews"}}, {"model": "auth.permission", "pk": 119, "fields": {"name": "Can delete reviews", "content_type": 30, "codename": "delete_reviews"}}, {"model": "auth.permission", "pk": 120, "fields": {"name": "Can view reviews", "content_type": 30, "codename": "view_reviews"}}, {"model": "auth.permission", "pk": 121, "fields": {"name": "Can add coupon", "content_type": 31, "codename": "add_coupon"}}, {"model": "auth.permission", "pk": 122, "fields": {"name": "Can change coupon", "content_type": 31, "codename": "change_coupon"}}, {"model": "auth.permission", "pk": 123, "fields": {"name": "Can delete coupon", "content_type": 31, "codename": "delete_coupon"}}, {"model": "auth.permission", "pk": 124, "fields": {"name": "Can view coupon", "content_type": 31, "codename": "view_coupon"}}, {"model": "contenttypes.contenttype", "pk": 1, "fields": {"app_label": "admin", "model": "logentry"}}, {"model": "contenttypes.contenttype", "pk": 2, "fields": {"app_label": "auth", "model": "permission"}}, {"model": "contenttypes.contenttype", "pk": 3, "fields": {"app_label": "auth", "model": "group"}}, {"model": "contenttypes.contenttype", "pk": 4, "fields": {"app_label": "contenttypes", "model": "contenttype"}}, {"model": "contenttypes.contenttype", "pk": 5, "fields": {"app_label": "sessions", "model": "session"}}, {"model": "contenttypes.contenttype", "pk": 6, "fields": {"app_label": "users", "model": "userprofile"}}, {"model": "contenttypes.contenttype", "pk": 7, "fields": {"app_label": "products", "model": "product"}}, {"model": "contenttypes.contenttype", "pk": 8, "fields": {"app_label": "products", "model": "productitem"}}, {"model": "contenttypes.contenttype", "pk": 9, "fields": {"app_label": "products", "model": "image"}}, {"model": "contenttypes.contenttype", "pk": 10, "fields": {"app_label": "categories", "model": "continent"}}, {"model": "contenttypes.contenttype", "pk": 11, "fields": {"app_label": "categories", "model": "country"}}, {"model": "contenttypes.contenttype", "pk": 12, "fields": {"app_label": "categories", "model": "league"}}, {"model": "contenttypes.contenttype", "pk": 13, "fields": {"app_label": "categories", "model": "club"}}, {"model": "contenttypes.contenttype", "pk": 14, "fields": {"app_label": "categories", "model": "countrymodel"}}, {"model": "contenttypes.contenttype", "pk": 15, "fields": {"app_label": "products", "model": "cartitem"}}, {"model": "contenttypes.contenttype", "pk": 16, "fields": {"app_label": "products", "model": "cart"}}, {"model": "contenttypes.contenttype", "pk": 17, "fields": {"app_label": "cart", "model": "cartitem"}}, {"model": "contenttypes.contenttype", "pk": 18, "fields": {"app_label": "cart", "model": "cart"}}, {"model": "contenttypes.contenttype", "pk": 19, "fields": {"app_label": "cart", "model": "wishlist"}}, {"model": "contenttypes.contenttype", "pk": 20, "fields": {"app_label": "wishlist", "model": "wishlist"}}, {"model": "contenttypes.contenttype", "pk": 21, "fields": {"app_label": "wishlist", "model": "wishlistmodel"}}, {"model": "contenttypes.contenttype", "pk": 22, "fields": {"app_label": "wishlists", "model": "wishlistmodel"}}, {"model": "contenttypes.contenttype", "pk": 23, "fields": {"app_label": "wishlists", "model": "wishlistitem"}}, {"model": "contenttypes.contenttype", "pk": 24, "fields": {"app_label": "order", "model": "orderitem"}}, {"model": "contenttypes.contenttype", "pk": 25, "fields": {"app_label": "order", "model": "address"}}, {"model": "contenttypes.contenttype", "pk": 26, "fields": {"app_label": "order", "model": "order"}}, {"model": "contenttypes.contenttype", "pk": 27, "fields": {"app_label": "order", "model": "reviewimage"}}, {"model": "contenttypes.contenttype", "pk": 28, "fields": {"app_label": "order", "model": "review"}}, {"model": "contenttypes.contenttype", "pk": 29, "fields": {"app_label": "order", "model": "reviewimages"}}, {"model": "contenttypes.contenttype", "pk": 30, "fields": {"app_label": "order", "model": "reviews"}}, {"model": "contenttypes.contenttype", "pk": 31, "fields": {"app_label": "coupon", "model": "coupon"}}, {"model": "sessions.session", "pk": "1ouum85tev51nmwk1whygyhqjifnmqoi", "fields": {"session_data": ".eJxVjDsOwyAQBe9CHSESYA0u0-cMaGHXn8QyEuAqyt1jSy6S9s28eYuAW5vCVrmEmUQvOnH53SKmF68HoCeuY5Ypr63MUR6KPGmVj0y83E_3LzBhnfY3g0438pqs84mvqAdlQQNaBGtUguhNZwgcOlAemfwAno1TyICD7tIebXkcFw51Jo5YRN_Kxp8vCCNAGA:1qYgdA:0Q36eLQrlPBH2679ydrZ3Q-KFI7mxmx6oVLIPAaNgiY", "expire_date": "2023-09-06T05:42:12.773Z"}}, {"model": "sessions.session", "pk": "352z454ccojfm7d4bjrljgx7bxopbpl0", "fields": {"session_data": ".eJxVjDEOAiEQRe9CbQgKDGBp7xnIwAyyaiBZdivj3XWTLbT9773_EhHXpcZ18BwnEmfhxOF3S5gf3DZAd2y3LnNvyzwluSlyp0NeO_Hzsrt_BxVH_dYMOp8oaLI-ZD6iLsqCBrQI1qgMKRhnCDx6UAGZQoHAxitkwKJdFu8P4LM38w:1qewAk:q-AWVPo0pg3Ck0Y3U7ijJa57C5BlVa6p-2ftOK7UE6E", "expire_date": "2023-09-23T11:30:42.979Z"}}, {"model": "sessions.session", "pk": "446tgrh1d926gc90o063wdxwg9zb7agh", "fields": {"session_data": ".eJxVjEsOgzAMBe_idRWlTeIkLLvnDMjYTqGtQOKzQty9RWLD9s3M24BpWqDa9hs0tC5ds846Nb1ABREuW0v80eEA8qbhNRoeh2XqW3Mo5qSzqUfR7_N0Lwcdzd2_VnT8kOwkpMx6J1dsQIcUCIO3jG320QsmSmgzqeSCWX2ypEjFRYb9BygGOz8:1qjklH:m78bAi3hlOynTL9c2HyOXnfeo7IeCTdlr8jEGy-gu94", "expire_date": "2023-10-06T18:20:19.142Z"}}, {"model": "sessions.session", "pk": "4f3mm45vkyiawb4usrng1mwubqvyeyka", "fields": {"session_data": ".eJxVjDEOAiEQRe9CbQgKDGBp7xnIwAyyaiBZdivj3XWTLbT9773_EhHXpcZ18BwnEmfhxOF3S5gf3DZAd2y3LnNvyzwluSlyp0NeO_Hzsrt_BxVH_dYMOp8oaLI-ZD6iLsqCBrQI1qgMKRhnCDx6UAGZQoHAxitkwKJdFu8P4LM38w:1qez42:2abltmNuuQ7ZWt3l0xSpAB4y1z5ar2DnVs7l_XU73q4", "expire_date": "2023-09-23T14:35:58.923Z"}}, {"model": "sessions.session", "pk": "7ms6qg1kpqjvy9jog4markb1kngnasw4", "fields": {"session_data": ".eJxVjLsOwyAUQ_-FuUIQXpeO3fMN6PJISVuBFJKp6r8XpAztYkv2sd_E4bFnd7S0uTWSK-Hk8pt5DM9URhEfWO6Vhlr2bfV0IPRsG51rTK_byf4dZGy5rxcEb0VKoILsLoxkAZiwYJKSHL3Wous0aa4CExBMZwdppbYSxEI-X9G2Nvs:1qUOY7:ydH8W3OLh2osee7KIUuqMjRQQByS4Nlh3b2M1i8uI3w", "expire_date": "2023-08-25T09:35:15.684Z"}}, {"model": "sessions.session", "pk": "8l6wqr2401e03ys9zmqu3ckk59cgstjd", "fields": {"session_data": ".eJxVjDEOAiEQRe9CbQgKDGBp7xnIwAyyaiBZdivj3XWTLbT9773_EhHXpcZ18BwnEmfhxOF3S5gf3DZAd2y3LnNvyzwluSlyp0NeO_Hzsrt_BxVH_dYMOp8oaLI-ZD6iLsqCBrQI1qgMKRhnCDx6UAGZQoHAxitkwKJdFu8P4LM38w:1qevs7:NyXeiNvbGn0krhk-U54fSHbKdeyOFzajdqm7xbV2h9Q", "expire_date": "2023-09-23T11:11:27.691Z"}}, {"model": "sessions.session", "pk": "a2uxrze0zugfytx8hw3yyqtkwin8coig", "fields": {"session_data": "eyJjYXJ0Ijp7IjZiNDc1YzQyLWNlMTctNDk0Zi1hYTc5LTgzMWE1ZWNjODA3OCI6eyJjb3VudCI6NH19fQ:1qjk33:D95piYcuRorOQnfA6PK1mbjfO2j5vrIwWfI3lCHEuOw", "expire_date": "2023-10-06T17:34:37.308Z"}}, {"model": "sessions.session", "pk": "a6uwh598tmsb9w3fvgi2wqmlir46lsv7", "fields": {"session_data": ".eJxVjEsOgzAMBe_idRWlTeIkLLvnDMjYTqGtQOKzQty9RWLD9s3M24BpWqDa9hs0tC5ds846Nb1ABREuW0v80eEA8qbhNRoeh2XqW3Mo5qSzqUfR7_N0Lwcdzd2_VnT8kOwkpMx6J1dsQIcUCIO3jG320QsmSmgzqeSCWX2ypEjFRYb9BygGOz8:1qk51D:evYCc-ZDFVCYDKqJNoGCKyMH0GAKA6Kfp4sf6U0PL0s", "expire_date": "2023-10-07T15:58:07.558Z"}}, {"model": "sessions.session", "pk": "azxtgfxd7ck0yyp1a13huqbs6wr9d5un", "fields": {"session_data": "eyJjYXJ0Ijp7IjViNmEwNzEyLTRmNmYtNDU4OC05NjYzLWI3NzIxOGNhZDdlZSI6eyJOb25lIjp7ImNvdW50IjoxfX19fQ:1qeuAC:h4VRKdqQhAMsdLCBDg8xI5D2WarQhML3BAxqwinOaec", "expire_date": "2023-09-23T09:22:00.658Z"}}, {"model": "sessions.session", "pk": "btuwqnaoqbyirj4qdfske4gtviy54bjn", "fields": {"session_data": "eyJjYXJ0X2lkIjoiZTQxNjBkN2QtNmJiMC00OWM3LTg5NTItZDM4M2Q5YTMxYTQyIn0:1qdpPJ:8x-gSgiiCOkt0NtHm9eJ2RfyY9KLJFwzB_8IGuWLW_I", "expire_date": "2023-09-20T10:05:09.815Z"}}, {"model": "sessions.session", "pk": "hj4dk9h0nmk9mnwh357loq4r4kvj8n0e", "fields": {"session_data": "eyJjYXJ0Ijp7IjM5NWE0ZmZjLTFhYjgtNGJmMC05OWIwLTBhM2YxNmUxZWE1NCI6eyJjb3VudCI6Mn19fQ:1qeFEM:YH3-28MXrHnyRUb1LC0vQBgz5AKghN1kUEWuJCvQDmc", "expire_date": "2023-09-21T13:39:34.498Z"}}, {"model": "sessions.session", "pk": "jfy89nn9b9s3nfrjcxrpcs3ixs6cf3rz", "fields": {"session_data": "eyJjYXJ0X2lkIjoiNjljNjE2NDMtMTVjYy00MmE4LWEwODAtMjFiNzU1NzAyZTNlIn0:1qdoLm:1DNQoRTH-qGhhorBCXW1w6rkXbhzDEj3bkUGPkWN52g", "expire_date": "2023-09-20T08:57:26.795Z"}}, {"model": "sessions.session", "pk": "jz2zfr5adieygc7d9d1nch704zqh94pe", "fields": {"session_data": ".eJxVjDEOAiEQRe9CbQgKDGBp7xnIwAyyaiBZdivj3XWTLbT9773_EhHXpcZ18BwnEmfhxOF3S5gf3DZAd2y3LnNvyzwluSlyp0NeO_Hzsrt_BxVH_dYMOp8oaLI-ZD6iLsqCBrQI1qgMKRhnCDx6UAGZQoHAxitkwKJdFu8P4LM38w:1qmX7C:6pBEilrr_QzToczDjAM-Fpehx4s9G8kooL48RwXkgC4", "expire_date": "2023-10-14T10:22:26.099Z"}}, {"model": "sessions.session", "pk": "mci2a90h4i3qf4427w5t65ve850snm1n", "fields": {"session_data": ".eJxVjDEOAiEQRe9CbQgKDGBp7xnIwAyyaiBZdivj3XWTLbT9773_EhHXpcZ18BwnEmfhxOF3S5gf3DZAd2y3LnNvyzwluSlyp0NeO_Hzsrt_BxVH_dYMOp8oaLI-ZD6iLsqCBrQI1qgMKRhnCDx6UAGZQoHAxitkwKJdFu8P4LM38w:1qex33:Cjz5a1fNlIHYrjMdK3C5kDhBWsQm_wYTJRk4CqchwFg", "expire_date": "2023-09-23T12:26:49.225Z"}}, {"model": "sessions.session", "pk": "nsn88umhwwu31s9s38snonk73e6jpv7h", "fields": {"session_data": ".eJxVjzuOwzAMRO-iOjL0oSgpZfo9g0FRVJzswgb8qYLcfWUgTTpi5r0B-FJM666uL4UFYmBwmsVGDRmaJopZJ28pCHMyMZ0cL8fcBfu-KGEHYBLoGCRoaD5pEt9lNJCdc5VCV8JFWSEnzjSNzrKG6vts6RcxgZTsY0LsYJ8c6din8dhkHR9VXVVUX1kh_pX5LOqT5vsy8DLv66MMJzJ82m34War83T7s18BE29RtQc-uZl9Dyv1f8s0E9EiBMIBhLBkiVEyU0GSSmhtmgWRIkJqPrN7_RBJc-A:1qjkXB:jS05IjYHbJSnxGpFedF1bhTgLUm7VrwVVhxxacqWRCc", "expire_date": "2023-10-06T18:05:45.277Z"}}, {"model": "sessions.session", "pk": "ooldqj72kvu92sjbclzhz25ib30axt0b", "fields": {"session_data": ".eJxVyzsOhDAMANG7pMZSEhx_OMTewTimBAntVih3Zympppl3Jbfzm5Yr0YrcHCt4FAZU3MCMFWQu1sJdMsvzfY49nvrx2_-wjDGluddCwhWITAGRAsy1Q2_CLqSRM77NuAENZSIz:1qeqEK:1ixvBe2mDVWJCw0lni4RVOT_0XFnIKAj27DqAMFoqOs", "expire_date": "2023-09-23T05:10:00.238Z"}}, {"model": "sessions.session", "pk": "ufwnfiqgzkoowbwfrjlxbba8saqznwcf", "fields": {"session_data": "eyJjYXJ0X2lkIjoiYjhhYjkyMDAtNzEzZC00ZWUzLWI2MmUtNjk3OTUwZDUzMmZiIn0:1qdogo:TAWPOEHl0nV2iyR4KglqKnVFObb6CYXG7RXXPT4KNlA", "expire_date": "2023-09-20T09:19:10.917Z"}}, {"model": "sessions.session", "pk": "uycfm7nf8bwc99eqb4m65wu4dx1rdh9z", "fields": {"session_data": "eyJjYXJ0X2lkIjoiMTM5NTgyMzItMmNmOS00NGJjLWE1YWUtNDU1MjljY2NiMzhlIn0:1qdoTC:ms37pS2h8HvyVfPMuotKkskx1uPTDREB7bz4ArOYOCs", "expire_date": "2023-09-20T09:05:06.501Z"}}, {"model": "sessions.session", "pk": "wmzp07d2imeo1w6or7b9janli7woior5", "fields": {"session_data": ".eJxVyzEOgzAMRuG7ZMZSEpzfTg_ROxjHjCChdkK9e2Hkze87k9vxSa8zzaMWqFQCrBMzgsz7oNFUXNEjZ74_37_bBcpvSm2BZSmVeMVK3FSpAzMtIrWo25CIm7z3LR706g_NZyII:1qeu9d:m6oviDceZ3oZVfKZjtcijB7I_sVpy9hYLYeXUMi4mBA", "expire_date": "2023-09-23T09:21:25.022Z"}}, {"model": "sessions.session", "pk": "xg6d877m58x01b31yxy7hirtm0x8mvr5", "fields": {"session_data": ".eJxVjDsOgzAQBe_iOiDD2mubMn3OgNbrJZBEWOJTIe4ekGho38y8TTFNi2o2VVNXWxdNYWOwhRHAgtBBUXmP3kClE_DpcV7HI3D7_lAtrUvfrrNM7ZBUo5y6bZH4K-MJ0ofGdy45j8s0xPJUyovO5Ssn-T0v93bQ09wftSBwnQIk6wNLRdBpi4BkCa3RjDEYZxJ68qgDSQodBjFekyB14Fjtf8MrSE0:1qjkkY:NSjTEcbvQ9636GhftRy7s24VgBxxBtwljIAsIHSgD30", "expire_date": "2023-10-06T18:19:34.184Z"}}, {"model": "users.userprofile", "pk": 2, "fields": {"password": "pbkdf2_sha256$600000$uRhqxF86BB22o0Gu8mirXx$mdMsPwBminz3D6/PZ8ce6Xjxm+hZQdEihUYU8LOlPNE=", "last_login": "2023-08-12T05:49:31.687Z", "is_superuser": false, "email": "abhishekpclt1999@gmail.com", "username": "ab", "is_active": true, "is_staff": false, "groups": [], "user_permissions": []}}, {"model": "users.userprofile", "pk": 3, "fields": {"password": "pbkdf2_sha256$600000$Gpn7iBkTrsRM9x21jRRyZJ$UGI5Xr7gC725+oNsfGwZ2ZB0OxEBkJq28LXLWnBUo14=", "last_login": "2023-08-16T07:07:41.680Z", "is_superuser": false, "email": "farhan@gmail.com", "username": "farhan", "is_active": true, "is_staff": false, "groups": [], "user_permissions": []}}, {"model": "users.userprofile", "pk": 4, "fields": {"password": "pbkdf2_sha256$600000$uACyfmt4cl4QQvq4oLLpE5$BcMx2vgIfXgLKfW4XGRBlKDOqd0oHCvaiotll1HhtC8=", "last_login": null, "is_superuser": false, "email": "fayizz1239@gmail.com", "username": "fayizz", "is_active": true, "is_staff": false, "groups": [], "user_permissions": []}}, {"model": "users.userprofile", "pk": 5, "fields": {"password": "pbkdf2_sha256$600000$RSO4NRvFbJ6jcwKoD3qkh7$JX28vRHPiyGXrKE+FQPxWOD5FlMte7Sl8dFdxnjGcT0=", "last_login": null, "is_superuser": false, "email": "fayizrashee02@gmail.com", "username": "fayiz1", "is_active": true, "is_staff": false, "groups": [], "user_permissions": []}}, {"model": "users.userprofile", "pk": 7, "fields": {"password": "pbkdf2_sha256$600000$aXWVLlwr1zopf8dTlDrDCD$5q5FFnf/l3pFb63nGsgJbvrDvztYqaTRvcWIoiMI73M=", "last_login": "2023-09-30T10:22:25.988Z", "is_superuser": true, "email": "fa@gmail.com", "username": "fa", "is_active": true, "is_staff": true, "groups": [], "user_permissions": []}}, {"model": "users.userprofile", "pk": 8, "fields": {"password": "pbkdf2_sha256$600000$d56sIBRx5LtPKVnW0v9ix8$Vd38nr/tzZYaYS/IvlTNsPhiZp9nbmpejKoiKVjpt08=", "last_login": "2023-09-15T04:53:11.294Z", "is_superuser": false, "email": "fayizrasheed02@gmail.com", "username": "fayiz21", "is_active": true, "is_staff": false, "groups": [], "user_permissions": []}}, {"model": "products.product", "pk": "16ab6d4a-4609-479c-9df8-71f7efb817dd", "fields": {"name": "ARGENTINA HOME SHIRT 2022/23", "description": "Designed in the iconic Argentina home colours, this jersey features alternating sky blue and white vertical stripes. On the front of the shirt the stripes are equal in size, there are thinner stripes down running down the centre back creating a unique look. Black side seam and rear hem tape, alongside black Adidas shoulder stripes and front logo stand out against the blue and white shirt. There is also a fully embroidered Argentina badge on the front.", "price": "1499.00", "is_active": true, "is_featured": false, "category": "country", "country_id": "13d3f984-fee7-4462-8019-37b0a6d6d821", "club_id": null, "type": "home", "gender": "male", "year": "22-23"}}, {"model": "products.product", "pk": "4479a530-7b9a-46df-8b00-251d1b75138e", "fields": {"name": "MANCHESTER CITY WOMEN AWAY JERSEY 2022", "description": "As an official Puma product, this Man City boy’s goalkeeper top is optimised for both comfort and performance. If your child is a junior goalkeeper, this shirt is a must-have addition to their kit bag. With short sleeves, a ribbed V-neck, and standard fit this shirt is comfortable to wear both on and off the pitch. Lightweight, breathable polyester with integrated dryCELL sweat management actively wicks away moisture keeping your child cool and confident.", "price": "999.00", "is_active": true, "is_featured": false, "category": "club", "country_id": null, "club_id": "c16f8c5a-eaef-456c-b5ee-8be0d5242365", "type": "away", "gender": "female", "year": "22-23"}}, {"model": "products.product", "pk": "4a4894f0-2116-4a4e-85f3-ca6292373d4b", "fields": {"name": "CHELSEA HOME MATCH SHIRT 2022/23", "description": "Here we have the authentic home shirt for Chelsea as worn by the players this season. Dispatched from Nike and delivered directly to our warehouse, our supply of this Chelsea Home Match Shirt 2022/23 is 100% official. Complete with Nike’s patch of authenticity, get your hands on this player shirt in small to xx-large adults while stocks last!\r\n\r\nFor 2022/23 the bold blue base colour synonymous with Chelsea is background to white and turquoise accents to create a stylish jersey for the new season. The main feature of this shirt Is the neckline which features a buttoned fastening and a white collar with turquoise lion graphic. Adorned to the front of the chest is the Nike Swoosh in white with the Chelsea crest sitting proudly on the left. Sponsors can also be seen in the centre of the chest and on the left sleeve.", "price": "899.00", "is_active": true, "is_featured": true, "category": "club", "country_id": null, "club_id": "4d56f0ba-8477-43cc-92f7-506750296686", "type": "home", "gender": "male", "year": "22-23"}}, {"model": "products.product", "pk": "547c0035-31b4-4f81-8d8f-ead38f1c5110", "fields": {"name": "BAYERN MUNICH AWAY SHIRT 2023/24", "description": "Featuring a unique new design for the 23/24 season, this edition of the Bayern Munich away jersey is black in colour. The black shirt is accented with a purple and green diamond pattern that creates a subtle globe design. Purple Adidas stripes, side and hem binding stand out against the black base. On the front of the shirt is a FC Bayern badge, Adidas, and sponsor logos. Inside the collar is a unique ‘Mia San Mia’ globe logo, and printed on the back is oversized ‘FC Bayern München’ text in purple.", "price": "1099.00", "is_active": true, "is_featured": false, "category": "club", "country_id": null, "club_id": "8130d6b8-5917-486f-837a-8014f0fa1796", "type": "away", "gender": "male", "year": "23-24"}}, {"model": "products.product", "pk": "5b6a0712-4f6f-4588-9663-b77218cad7ee", "fields": {"name": "BARCELONA HOME SHIRT 2022/23", "description": "Styled for the 22/23 football season, this edition of the Barca home shirt is navy with navy, blue, and red vertical stripes, the sleeves, and neckline are plain. There is a Barcelona badge on the left of the chest and the iconic Nike logo opposite; both are fully embroidered for a premium finish. In the centre of the jersey is a heat-applied Spotify logo, and there is printed Spanish flag detail on the back of the jersey below the collar.", "price": "1449.00", "is_active": true, "is_featured": true, "category": "club", "country_id": null, "club_id": "9b00639d-afc0-4bd6-9b5e-fd26bad48070", "type": "home", "gender": "male", "year": "22-23"}}, {"model": "products.product", "pk": "6c6b4f6e-3986-4fd0-acb9-177cf6bbdb39", "fields": {"name": "PORTUGAL HOME SHIRT 2022/23", "description": "New design for the 2022 World Cup", "price": "1389.00", "is_active": true, "is_featured": false, "category": "country", "country_id": "248c6a7f-7079-47a3-a9b4-b4242304cf3b", "club_id": null, "type": "home", "gender": "male", "year": "22-23"}}, {"model": "products.product", "pk": "92d5d14f-779d-4129-afc5-a794293829c9", "fields": {"name": "MANCHESTER CITY KIDS GREEN GOALKEEPER SHIRT 2023/24", "description": "Styled in an iconic goalkeeper colour, this edition of the Man City goalie jersey is primarily two-tone green making it a great choice for junior supporters. The front of the shirt accented with a chevron graphic. There are yellow inserts on both sides featuring a green pattern. On the front of the shirt is a Man City badge and Puma logo that are both embroidered, alongside a heat-applied sponsor logo.", "price": "1099.00", "is_active": true, "is_featured": false, "category": "club", "country_id": null, "club_id": "c16f8c5a-eaef-456c-b5ee-8be0d5242365", "type": "home", "gender": "kids", "year": "23-24"}}, {"model": "products.product", "pk": "bcd116bf-6c63-4631-813b-aeeb622a6101", "fields": {"name": "KERALA BLASTERS HOME JERSEY 22/23", "description": "There’s no place quite as vibrant as Kerala, where celebration is a way of life. Whether it’s festivals or football, the way that the locals worship/celebrate both is something we\r\nwere inspired by. This jersey is a cultural amalgamation of both - the beautiful game\r\nand the various festivals as a way of life for the locals.", "price": "1399.00", "is_active": true, "is_featured": true, "category": "club", "country_id": null, "club_id": "334fe241-3ae7-45b5-af55-7d901bf7b96d", "type": "home", "gender": "male", "year": "22-23"}}, {"model": "products.product", "pk": "cb181aee-52dd-4272-9a21-87796e34f433", "fields": {"name": "BRAZIL AWAY SHIRT 2022/23", "description": "Featuring a bold new design for 2022, this edition of the Brazil away jersey is bright blue in colour. There is a patterned sleeve that includes a transitional green to blue colour gradient. Green ribbed sleeve cuffs are accented with thinner yellow hoops. On the front of the shirt is a Brazil badge on the left that is flanked by 5 World Cup winner stars and a ‘Brasil’ text logo. A green Nike Swoosh sits opposite. These logos are embroidered for a premium finish. Completing the design is a printed Brazil logo on the back collar.", "price": "1299.00", "is_active": true, "is_featured": false, "category": "country", "country_id": "5b26c7c4-2dac-4d9b-b416-e8224e292928", "club_id": null, "type": "away", "gender": "male", "year": "22-23"}}, {"model": "products.product", "pk": "ce7aefd5-5b15-41d8-b0a0-b452bb250d74", "fields": {"name": "GERMANY AUTHENTIC AWAY SHIRT 2022/23", "description": "Black with a burgundy graphic, and gold coloured detail, this edition of the Germany away jersey oozes pride in the 4-time World Cup winning team. Burgundy binding on the side seams, and around the dropped rear hem adds a premium touch. Gold coloured Adidas stripes adorn the shoulders. On the front there is an Adidas Badge of Sport and Germany badge; both embossed for a lightweight finish.", "price": "999.00", "is_active": true, "is_featured": false, "category": "country", "country_id": "144b5f17-08fc-464b-8af6-6d194b6b88cd", "club_id": null, "type": "away", "gender": "male", "year": "22-23"}}, {"model": "products.product", "pk": "de1763e0-c36e-4233-93a2-02a46dcdce88", "fields": {"name": "JUVENTUS AUTHENTIC HOME SHIRT 2023/24", "description": "Part of the 23/24 kit collection for Italian Serie A team Juventus, we have very limited stock of the authentic match day home jersey available to order in adult sizes. Supplied directly by Adidas, you are guaranteed to receive an official Juventus authentic home shirt 2023/24 when you shop at Soccer Box. Order online to secure yours and get ready to highlight your allegiance to the team on match days and every day.", "price": "1199.00", "is_active": true, "is_featured": true, "category": "club", "country_id": null, "club_id": "09c10ee4-7efa-42d3-9685-09c02d752409", "type": "home", "gender": "male", "year": "23-24"}}, {"model": "products.product", "pk": "f913c621-6157-470b-abd3-fd9e26702358", "fields": {"name": "MANCHESTER CITY AUTHENTIC HOME SHIRT 2023/24", "description": "A must have for every supporter, this edition of the Man City home shirt is inspired by the club’s Etihad Stadium. On the front of the jersey is a vertical stripe pattern made up of tonal blue horizontal stripes that emulate features of the stadium. The sleeves and back are plain blue, a white collar and logos stand out perfectly. There is a Manchester City badge on the front of the top, alongside a Puma CAT logo and sponsorship logo.", "price": "1299.00", "is_active": true, "is_featured": false, "category": "club", "country_id": null, "club_id": "c16f8c5a-eaef-456c-b5ee-8be0d5242365", "type": "home", "gender": "male", "year": "23-24"}}, {"model": "products.productitem", "pk": "0669cfd2-cd1b-4abe-b5e8-2ad304944252", "fields": {"product_id": "92d5d14f-779d-4129-afc5-a794293829c9", "stock": 200, "is_active": true, "size": "S"}}, {"model": "products.productitem", "pk": "19a82ec8-ac67-49e8-95b1-1014e2faeb9c", "fields": {"product_id": "f913c621-6157-470b-abd3-fd9e26702358", "stock": 200, "is_active": true, "size": "S"}}, {"model": "products.productitem", "pk": "2b768cd3-b7ac-4946-8b78-99fc01fa13fc", "fields": {"product_id": "4a4894f0-2116-4a4e-85f3-ca6292373d4b", "stock": 200, "is_active": true, "size": "S"}}, {"model": "products.productitem", "pk": "32064c36-404e-487c-8656-59473ea89d0c", "fields": {"product_id": "bcd116bf-6c63-4631-813b-aeeb622a6101", "stock": 200, "is_active": true, "size": "S"}}, {"model": "products.productitem", "pk": "329d9ac9-c011-425c-a01f-83436cda8e08", "fields": {"product_id": "4479a530-7b9a-46df-8b00-251d1b75138e", "stock": 200, "is_active": true, "size": "S"}}, {"model": "products.productitem", "pk": "395a4ffc-1ab8-4bf0-99b0-0a3f16e1ea54", "fields": {"product_id": "de1763e0-c36e-4233-93a2-02a46dcdce88", "stock": 200, "is_active": true, "size": "S"}}, {"model": "products.productitem", "pk": "3d216872-66a9-446e-ac9d-d587c869e004", "fields": {"product_id": "5b6a0712-4f6f-4588-9663-b77218cad7ee", "stock": 200, "is_active": true, "size": "M"}}, {"model": "products.productitem", "pk": "572b5f09-7350-4db9-ac56-126f90db0073", "fields": {"product_id": "16ab6d4a-4609-479c-9df8-71f7efb817dd", "stock": 200, "is_active": true, "size": "S"}}, {"model": "products.productitem", "pk": "6b475c42-ce17-494f-aa79-831a5ecc8078", "fields": {"product_id": "5b6a0712-4f6f-4588-9663-b77218cad7ee", "stock": 200, "is_active": true, "size": "S"}}, {"model": "products.productitem", "pk": "73f95b51-58ad-4c28-8996-9bf906c58669", "fields": {"product_id": "cb181aee-52dd-4272-9a21-87796e34f433", "stock": 200, "is_active": true, "size": "S"}}, {"model": "products.productitem", "pk": "8b88ebdc-100a-41f8-a14e-c7646d045b43", "fields": {"product_id": "ce7aefd5-5b15-41d8-b0a0-b452bb250d74", "stock": 200, "is_active": true, "size": "S"}}, {"model": "products.productitem", "pk": "c8725478-035e-4601-a15d-d78fad6041d8", "fields": {"product_id": "547c0035-31b4-4f81-8d8f-ead38f1c5110", "stock": 200, "is_active": true, "size": "S"}}, {"model": "products.productitem", "pk": "d593a9b7-4cee-4512-ae33-9f666a261ab6", "fields": {"product_id": "5b6a0712-4f6f-4588-9663-b77218cad7ee", "stock": 200, "is_active": true, "size": "L"}}, {"model": "products.productitem", "pk": "f6e210e1-37ab-43fd-9636-b79ed5383d7b", "fields": {"product_id": "6c6b4f6e-3986-4fd0-acb9-177cf6bbdb39", "stock": 200, "is_active": true, "size": "S"}}, {"model": "products.image", "pk": "0f50eca7-c46a-4ccd-9424-182949221cd2", "fields": {"product_id": "19a82ec8-ac67-49e8-95b1-1014e2faeb9c", "image": "man-city-authentic-home-shirt-23-24_1.jpg", "is_active": true, "is_featured": true}}, {"model": "products.image", "pk": "122ee750-9f05-4a63-a940-0f5a8e49801a", "fields": {"product_id": "572b5f09-7350-4db9-ac56-126f90db0073", "image": "argentina-home-shirt-22-23_vA5mrFM.jpg", "is_active": true, "is_featured": true}}, {"model": "products.image", "pk": "1571fedd-06f2-4fdd-b6a7-445f82060d12", "fields": {"product_id": "d593a9b7-4cee-4512-ae33-9f666a261ab6", "image": "barcelona-home-shirt-22-23_4Hgk0mS.jpg", "is_active": true, "is_featured": false}}, {"model": "products.image", "pk": "172b033a-3078-463b-b73e-5729ab4c12f1", "fields": {"product_id": "329d9ac9-c011-425c-a01f-83436cda8e08", "image": "man-city-authentic-home-shirt-23-24_1_7EtxTPU.jpg", "is_active": true, "is_featured": true}}, {"model": "products.image", "pk": "3163c7b6-c2f7-4c4a-9a84-0ce0ed8e7084", "fields": {"product_id": "0669cfd2-cd1b-4abe-b5e8-2ad304944252", "image": "man-city-green-kids-goalie-top-23.jpg", "is_active": true, "is_featured": true}}, {"model": "products.image", "pk": "327c2e13-b701-4d1b-8143-365bca87fb68", "fields": {"product_id": "f6e210e1-37ab-43fd-9636-b79ed5383d7b", "image": "portugal-home-shirt-22-23.jpeg", "is_active": true, "is_featured": true}}, {"model": "products.image", "pk": "46e428f4-f327-4a67-9f2f-f666a4351b44", "fields": {"product_id": "0669cfd2-cd1b-4abe-b5e8-2ad304944252", "image": "man-city-green-kids-goalie-top-23-back.jpg", "is_active": true, "is_featured": false}}, {"model": "products.image", "pk": "56d783d0-73f9-4990-9dca-49b9ed6201c2", "fields": {"product_id": "73f95b51-58ad-4c28-8996-9bf906c58669", "image": "brazil-away-shirt-22-23-back_GyRQIdq.jpg", "is_active": true, "is_featured": false}}, {"model": "products.image", "pk": "63cda65b-d6f1-4aca-a1dc-fe36d829c9c5", "fields": {"product_id": "19a82ec8-ac67-49e8-95b1-1014e2faeb9c", "image": "man-city-authentic-home-shirt-23-24-back_1.jpg", "is_active": true, "is_featured": false}}, {"model": "products.image", "pk": "68243653-5051-4011-a424-8bf2ae4745d4", "fields": {"product_id": "6b475c42-ce17-494f-aa79-831a5ecc8078", "image": "barcelona-home-shirt-22-23-back_hHQxrIV.jpg", "is_active": true, "is_featured": false}}, {"model": "products.image", "pk": "6b19e3cd-8fb3-416c-ae4a-895f534a4137", "fields": {"product_id": "f6e210e1-37ab-43fd-9636-b79ed5383d7b", "image": "portugal-home-shirt-22-23-back.jpeg", "is_active": true, "is_featured": false}}, {"model": "products.image", "pk": "70dacbf3-6c44-4424-bba6-84a503f3606b", "fields": {"product_id": "395a4ffc-1ab8-4bf0-99b0-0a3f16e1ea54", "image": "juventus-authentic-home-shirt-23-back_NL4aZ9Q.jpg", "is_active": true, "is_featured": false}}, {"model": "products.image", "pk": "8c03dbf5-315f-4c1c-8451-47778a313988", "fields": {"product_id": "73f95b51-58ad-4c28-8996-9bf906c58669", "image": "brazil-away-shirt-22-23_0A4TJpR.jpg", "is_active": true, "is_featured": true}}, {"model": "products.image", "pk": "98fd5f15-cfc5-4ec3-84f7-2158dc327845", "fields": {"product_id": "329d9ac9-c011-425c-a01f-83436cda8e08", "image": "man-city-authentic-home-shirt-23-24-back_1_GfeawWC.jpg", "is_active": true, "is_featured": false}}, {"model": "products.image", "pk": "a1cec00d-a3c3-4943-ad41-4eba646bcb11", "fields": {"product_id": "3d216872-66a9-446e-ac9d-d587c869e004", "image": "barcelona-home-shirt-22-23-back_aMSvujr.jpg", "is_active": true, "is_featured": false}}, {"model": "products.image", "pk": "a560d69a-b5dc-4449-b9c0-5fb4cb23da74", "fields": {"product_id": "2b768cd3-b7ac-4946-8b78-99fc01fa13fc", "image": "chelsea-authentic-home-shirt-22-23_yvjI9PM.jpg", "is_active": true, "is_featured": true}}, {"model": "products.image", "pk": "a7728ac0-d53a-4ad5-82e4-7c6b30e40fc1", "fields": {"product_id": "6b475c42-ce17-494f-aa79-831a5ecc8078", "image": "barcelona-home-shirt-22-23_dujVAdw.jpg", "is_active": true, "is_featured": true}}, {"model": "products.image", "pk": "a9465679-96bf-47b2-926a-81727d09fb5f", "fields": {"product_id": "c8725478-035e-4601-a15d-d78fad6041d8", "image": "bayern-munich-away-shirt-23_xTnIn29.jpg", "is_active": true, "is_featured": false}}, {"model": "products.image", "pk": "b0d77cc9-7307-4987-967b-a7c401454160", "fields": {"product_id": "572b5f09-7350-4db9-ac56-126f90db0073", "image": "argentina-home-shirt-22-23-back_9u5umOX.jpg", "is_active": true, "is_featured": false}}, {"model": "products.image", "pk": "b2eab127-1e34-4044-b0a1-cac8a463a957", "fields": {"product_id": "d593a9b7-4cee-4512-ae33-9f666a261ab6", "image": "barcelona-home-shirt-22-23-back_osggmfD.jpg", "is_active": true, "is_featured": false}}, {"model": "products.image", "pk": "c19b1a0f-553d-464a-a665-48593b85f76a", "fields": {"product_id": "8b88ebdc-100a-41f8-a14e-c7646d045b43", "image": "germany-authentic-away-jersey-22-23.jpg", "is_active": true, "is_featured": true}}, {"model": "products.image", "pk": "c6f98da1-e380-4e98-b78a-a0a7c8cf3831", "fields": {"product_id": "32064c36-404e-487c-8656-59473ea89d0c", "image": "KBFC-Home-Back_1024x1024_X8hY8lc.webp", "is_active": true, "is_featured": false}}, {"model": "products.image", "pk": "c7dadcef-be18-4ec0-bbbe-4fa4b9d2d260", "fields": {"product_id": "3d216872-66a9-446e-ac9d-d587c869e004", "image": "barcelona-home-shirt-22-23_9tcP7Qx.jpg", "is_active": true, "is_featured": false}}, {"model": "products.image", "pk": "d010e1b5-8bbd-44cd-ad92-09ea8d90fe1d", "fields": {"product_id": "2b768cd3-b7ac-4946-8b78-99fc01fa13fc", "image": "chelsea-authentic-home-shirt-22-23-back_NLLQiOI.jpg", "is_active": true, "is_featured": false}}, {"model": "products.image", "pk": "d0e395b1-b9a2-4377-a5e8-61bbb61fc645", "fields": {"product_id": "395a4ffc-1ab8-4bf0-99b0-0a3f16e1ea54", "image": "juventus-authentic-home-shirt-23_YUZgG8T.jpg", "is_active": true, "is_featured": true}}, {"model": "products.image", "pk": "d5b541fd-3764-401c-a212-7c781b06fa22", "fields": {"product_id": "8b88ebdc-100a-41f8-a14e-c7646d045b43", "image": "germany-authentic-away-jersey-22-23-back.jpg", "is_active": true, "is_featured": false}}, {"model": "products.image", "pk": "eee7f5f7-3e85-402d-af1d-f27ae8e7129d", "fields": {"product_id": "32064c36-404e-487c-8656-59473ea89d0c", "image": "KBFC-Home-Front-01_1024x1024_oIKRAwo.webp", "is_active": true, "is_featured": true}}, {"model": "products.image", "pk": "fbd53ca8-d3b5-408e-9ef2-e6b542b5187e", "fields": {"product_id": "c8725478-035e-4601-a15d-d78fad6041d8", "image": "bayern-munich-away-shirt-23-back_NtLRnyz.jpg", "is_active": true, "is_featured": false}}, {"model": "categories.continent", "pk": "0c63c52c-df43-49c4-87f8-f99fed6e66f0", "fields": {"name": "NORTH AMERICA", "code": "NA"}}, {"model": "categories.continent", "pk": "2dffedd5-eeaf-4b91-b17a-b4078027dfeb", "fields": {"name": "SOUTH AMERICA", "code": "SA"}}, {"model": "categories.continent", "pk": "63da9153-518e-4fbc-8bfc-9729e49ff8c1", "fields": {"name": "OCEANIA", "code": "OC"}}, {"model": "categories.continent", "pk": "be6af6fd-bb3e-4c6f-8d13-1a32ab874852", "fields": {"name": "EUROPE", "code": "EU"}}, {"model": "categories.continent", "pk": "e4c7151a-cc0c-4d86-96c8-429615d785cc", "fields": {"name": "AFRICA", "code": "AF"}}, {"model": "categories.continent", "pk": "fd8d74ba-d47b-4b21-8f01-29604085a473", "fields": {"name": "ASIA", "code": "AS"}}, {"model": "categories.countrymodel", "pk": "0058b46b-6ffe-4e88-81f4-82c22800c5aa", "fields": {"country": "KW", "continent": "fd8d74ba-d47b-4b21-8f01-29604085a473", "flag_image_path": "/static/flags/kw.png"}}, {"model": "categories.countrymodel", "pk": "01556df6-636a-4ea8-a260-44e763b1cebf", "fields": {"country": "SH", "continent": "e4c7151a-cc0c-4d86-96c8-429615d785cc", "flag_image_path": "/static/flags/sh.png"}}, {"model": "categories.countrymodel", "pk": "027d057b-5f04-49a9-973a-6de545c851af", "fields": {"country": "BB", "continent": "0c63c52c-df43-49c4-87f8-f99fed6e66f0", "flag_image_path": "/static/flags/bb.png"}}, {"model": "categories.countrymodel", "pk": "040ef5b7-117d-43ec-9441-f503019b8aff", "fields": {"country": "FO", "continent": "be6af6fd-bb3e-4c6f-8d13-1a32ab874852", "flag_image_path": "/static/flags/fo.png"}}, {"model": "categories.countrymodel", "pk": "053d309d-5aa0-4e75-9a12-dad8ff7a83a8", "fields": {"country": "PS", "continent": "fd8d74ba-d47b-4b21-8f01-29604085a473", "flag_image_path": "/static/flags/ps.png"}}, {"model": "categories.countrymodel", "pk": "05a60a5d-c3bc-435f-883a-28de64cd6f12", "fields": {"country": "BZ", "continent": "0c63c52c-df43-49c4-87f8-f99fed6e66f0", "flag_image_path": "/static/flags/bz.png"}}, {"model": "categories.countrymodel", "pk": "05fb85d7-d45a-4950-aba9-a8aba603f0c2", "fields": {"country": "BT", "continent": "fd8d74ba-d47b-4b21-8f01-29604085a473", "flag_image_path": "/static/flags/bt.png"}}, {"model": "categories.countrymodel", "pk": "09c9dff8-2ba1-4934-bf86-45dd20a72f24", "fields": {"country": "ER", "continent": "e4c7151a-cc0c-4d86-96c8-429615d785cc", "flag_image_path": "/static/flags/er.png"}}, {"model": "categories.countrymodel", "pk": "0b27e08c-fd00-4736-a0ca-fac25e05f2ce", "fields": {"country": "BO", "continent": "2dffedd5-eeaf-4b91-b17a-b4078027dfeb", "flag_image_path": "/static/flags/bo.png"}}, {"model": "categories.countrymodel", "pk": "0c792462-c2f9-47f4-93ff-40bd6aeefe2b", "fields": {"country": "NC", "continent": "63da9153-518e-4fbc-8bfc-9729e49ff8c1", "flag_image_path": "/static/flags/nc.png"}}, {"model": "categories.countrymodel", "pk": "0db85c3a-53ef-415b-8ea8-ebbe294549a9", "fields": {"country": "LR", "continent": "e4c7151a-cc0c-4d86-96c8-429615d785cc", "flag_image_path": "/static/flags/lr.png"}}, {"model": "categories.countrymodel", "pk": "0db8c3ba-fd42-49b1-a65c-284f241b78b3", "fields": {"country": "PR", "continent": "0c63c52c-df43-49c4-87f8-f99fed6e66f0", "flag_image_path": "/static/flags/pr.png"}}, {"model": "categories.countrymodel", "pk": "0dc031f4-2b86-4486-ae77-29c5f06845b3", "fields": {"country": "KN", "continent": "0c63c52c-df43-49c4-87f8-f99fed6e66f0", "flag_image_path": "/static/flags/kn.png"}}, {"model": "categories.countrymodel", "pk": "0dd01b81-5fc7-4eec-94ee-dfacd5b4b0c4", "fields": {"country": "MY", "continent": "fd8d74ba-d47b-4b21-8f01-29604085a473", "flag_image_path": "/static/flags/my.png"}}, {"model": "categories.countrymodel", "pk": "0e0e4551-57a0-4a9f-9b25-bee7ec34136f", "fields": {"country": "TV", "continent": "63da9153-518e-4fbc-8bfc-9729e49ff8c1", "flag_image_path": "/static/flags/tv.png"}}, {"model": "categories.countrymodel", "pk": "1213fae0-914c-43bc-b61f-3868a514b834", "fields": {"country": "KR", "continent": "fd8d74ba-d47b-4b21-8f01-29604085a473", "flag_image_path": "/static/flags/kr.png"}}, {"model": "categories.countrymodel", "pk": "1359bf2a-1cd7-4cf9-9bb4-94caacf5a468", "fields": {"country": "SI", "continent": "be6af6fd-bb3e-4c6f-8d13-1a32ab874852", "flag_image_path": "/static/flags/si.png"}}, {"model": "categories.countrymodel", "pk": "13cc52b0-8e5c-43e4-b089-a6c814b03ca7", "fields": {"country": "JE", "continent": "be6af6fd-bb3e-4c6f-8d13-1a32ab874852", "flag_image_path": "/static/flags/je.png"}}, {"model": "categories.countrymodel", "pk": "13d3f984-fee7-4462-8019-37b0a6d6d821", "fields": {"country": "AR", "continent": "2dffedd5-eeaf-4b91-b17a-b4078027dfeb", "flag_image_path": "/static/flags/ar.png"}}, {"model": "categories.countrymodel", "pk": "1425a244-b4ba-4c95-b824-1fcda7308ae2", "fields": {"country": "TD", "continent": "e4c7151a-cc0c-4d86-96c8-429615d785cc", "flag_image_path": "/static/flags/td.png"}}, {"model": "categories.countrymodel", "pk": "144b5f17-08fc-464b-8af6-6d194b6b88cd", "fields": {"country": "DE", "continent": "be6af6fd-bb3e-4c6f-8d13-1a32ab874852", "flag_image_path": "/static/flags/de.png"}}, {"model": "categories.countrymodel", "pk": "1563e2b7-671b-4443-9d41-6a4b1bfcdedf", "fields": {"country": "DO", "continent": "0c63c52c-df43-49c4-87f8-f99fed6e66f0", "flag_image_path": "/static/flags/do.png"}}, {"model": "categories.countrymodel", "pk": "15c1e433-076f-4c77-9d87-2fa647890eb5", "fields": {"country": "IM", "continent": "be6af6fd-bb3e-4c6f-8d13-1a32ab874852", "flag_image_path": "/static/flags/im.png"}}, {"model": "categories.countrymodel", "pk": "1603dd31-326d-4078-b88c-aa0ad88d0814", "fields": {"country": "IO", "continent": "fd8d74ba-d47b-4b21-8f01-29604085a473", "flag_image_path": "/static/flags/io.png"}}, {"model": "categories.countrymodel", "pk": "1807e463-512f-4734-baf8-62542db782bc", "fields": {"country": "SC", "continent": "e4c7151a-cc0c-4d86-96c8-429615d785cc", "flag_image_path": "/static/flags/sc.png"}}, {"model": "categories.countrymodel", "pk": "1c436738-b5b1-463a-ab9a-d98264e98637", "fields": {"country": "KH", "continent": "fd8d74ba-d47b-4b21-8f01-29604085a473", "flag_image_path": "/static/flags/kh.png"}}, {"model": "categories.countrymodel", "pk": "1d702a44-f8ec-44aa-927b-f40ef3bf55be", "fields": {"country": "BG", "continent": "be6af6fd-bb3e-4c6f-8d13-1a32ab874852", "flag_image_path": "/static/flags/bg.png"}}, {"model": "categories.countrymodel", "pk": "1df815c5-8a06-46c5-8c85-cf7615ad2f38", "fields": {"country": "GB", "continent": "be6af6fd-bb3e-4c6f-8d13-1a32ab874852", "flag_image_path": "/static/flags/gb.png"}}, {"model": "categories.countrymodel", "pk": "1eb4d189-2844-4655-89ea-68d96a636b5c", "fields": {"country": "CD", "continent": "e4c7151a-cc0c-4d86-96c8-429615d785cc", "flag_image_path": "/static/flags/cd.png"}}, {"model": "categories.countrymodel", "pk": "1f769013-3df6-4974-9048-05ba4d4ceea5", "fields": {"country": "BN", "continent": "fd8d74ba-d47b-4b21-8f01-29604085a473", "flag_image_path": "/static/flags/bn.png"}}, {"model": "categories.countrymodel", "pk": "1fae5daa-c313-4af9-a125-e00472bd9ae3", "fields": {"country": "AE", "continent": "fd8d74ba-d47b-4b21-8f01-29604085a473", "flag_image_path": "/static/flags/ae.png"}}, {"model": "categories.countrymodel", "pk": "212bf4b7-5e09-4c72-8a61-7d68c73736f7", "fields": {"country": "TR", "continent": "fd8d74ba-d47b-4b21-8f01-29604085a473", "flag_image_path": "/static/flags/tr.png"}}, {"model": "categories.countrymodel", "pk": "2145559e-6a52-4ca5-8f28-e0e10b46527d", "fields": {"country": "VI", "continent": "0c63c52c-df43-49c4-87f8-f99fed6e66f0", "flag_image_path": "/static/flags/vi.png"}}, {"model": "categories.countrymodel", "pk": "2219ff6a-0a5b-4dc2-9643-3c33ba21dbef", "fields": {"country": "CA", "continent": "0c63c52c-df43-49c4-87f8-f99fed6e66f0", "flag_image_path": "/static/flags/ca.png"}}, {"model": "categories.countrymodel", "pk": "227c95e1-ff82-4e3d-9ff5-997b37b31796", "fields": {"country": "PM", "continent": "0c63c52c-df43-49c4-87f8-f99fed6e66f0", "flag_image_path": "/static/flags/pm.png"}}, {"model": "categories.countrymodel", "pk": "23694d4e-3aad-4019-87d5-660e9957a840", "fields": {"country": "SS", "continent": "e4c7151a-cc0c-4d86-96c8-429615d785cc", "flag_image_path": "/static/flags/ss.png"}}, {"model": "categories.countrymodel", "pk": "23bb02e4-01c6-4633-aa34-2b0fa9f738dd", "fields": {"country": "NP", "continent": "fd8d74ba-d47b-4b21-8f01-29604085a473", "flag_image_path": "/static/flags/np.png"}}, {"model": "categories.countrymodel", "pk": "23d3f32b-db4b-47a5-994e-cd7e6e7446b0", "fields": {"country": "NU", "continent": "63da9153-518e-4fbc-8bfc-9729e49ff8c1", "flag_image_path": "/static/flags/nu.png"}}, {"model": "categories.countrymodel", "pk": "248c6a7f-7079-47a3-a9b4-b4242304cf3b", "fields": {"country": "PT", "continent": "be6af6fd-bb3e-4c6f-8d13-1a32ab874852", "flag_image_path": "/static/flags/pt.png"}}, {"model": "categories.countrymodel", "pk": "24cd85c8-8e8c-4e81-809b-ba1a30ca73c3", "fields": {"country": "MG", "continent": "e4c7151a-cc0c-4d86-96c8-429615d785cc", "flag_image_path": "/static/flags/mk.png"}}, {"model": "categories.countrymodel", "pk": "24d4f6de-f552-4512-9f92-b2a72bf701bc", "fields": {"country": "IQ", "continent": "fd8d74ba-d47b-4b21-8f01-29604085a473", "flag_image_path": "/static/flags/iq.png"}}, {"model": "categories.countrymodel", "pk": "292a6f7b-c19e-4724-b35d-5154ac7bb49a", "fields": {"country": "GT", "continent": "0c63c52c-df43-49c4-87f8-f99fed6e66f0", "flag_image_path": "/static/flags/gt.png"}}, {"model": "categories.countrymodel", "pk": "29e96763-04f9-4cbf-b451-3820734eda10", "fields": {"country": "MN", "continent": "fd8d74ba-d47b-4b21-8f01-29604085a473", "flag_image_path": "/static/flags/mn.png"}}, {"model": "categories.countrymodel", "pk": "2b1089b6-027b-4035-af5e-64fcdff83aa6", "fields": {"country": "TZ", "continent": "e4c7151a-cc0c-4d86-96c8-429615d785cc", "flag_image_path": "/static/flags/tz.png"}}, {"model": "categories.countrymodel", "pk": "2b9070ff-9740-4789-ab6b-65f0683ffcce", "fields": {"country": "TO", "continent": "63da9153-518e-4fbc-8bfc-9729e49ff8c1", "flag_image_path": "/static/flags/to.png"}}, {"model": "categories.countrymodel", "pk": "2f027c8b-45a6-44dc-a95e-3bdd7ce10bf9", "fields": {"country": "PK", "continent": "fd8d74ba-d47b-4b21-8f01-29604085a473", "flag_image_path": "/static/flags/pk.png"}}, {"model": "categories.countrymodel", "pk": "2f1885e5-4a0d-4941-bfb6-6d566d78258c", "fields": {"country": "NZ", "continent": "63da9153-518e-4fbc-8bfc-9729e49ff8c1", "flag_image_path": "/static/flags/nz.png"}}, {"model": "categories.countrymodel", "pk": "301e7740-88d4-43ba-ab70-26bc645b5439", "fields": {"country": "BI", "continent": "e4c7151a-cc0c-4d86-96c8-429615d785cc", "flag_image_path": "/static/flags/bi.png"}}, {"model": "categories.countrymodel", "pk": "31c3e327-1abc-46d5-9327-1566039d0389", "fields": {"country": "MU", "continent": "e4c7151a-cc0c-4d86-96c8-429615d785cc", "flag_image_path": "/static/flags/mu.png"}}, {"model": "categories.countrymodel", "pk": "3235f294-fc69-43ca-88ee-5d12c29b5c26", "fields": {"country": "FJ", "continent": "63da9153-518e-4fbc-8bfc-9729e49ff8c1", "flag_image_path": "/static/flags/fj.png"}}, {"model": "categories.countrymodel", "pk": "34c25479-2413-4c6d-9149-d898d590b9ca", "fields": {"country": "PE", "continent": "2dffedd5-eeaf-4b91-b17a-b4078027dfeb", "flag_image_path": "/static/flags/pe.png"}}, {"model": "categories.countrymodel", "pk": "34daa3b9-1cbd-4ccc-90b1-c585d9136245", "fields": {"country": "GF", "continent": "2dffedd5-eeaf-4b91-b17a-b4078027dfeb", "flag_image_path": "/static/flags/gf.png"}}, {"model": "categories.countrymodel", "pk": "3634aca2-2a3b-4602-8cbc-1f4d6787ec26", "fields": {"country": "BF", "continent": "e4c7151a-cc0c-4d86-96c8-429615d785cc", "flag_image_path": "/static/flags/bf.png"}}, {"model": "categories.countrymodel", "pk": "386f6d6b-64bd-417b-b09b-2ffec9d90e19", "fields": {"country": "MA", "continent": "e4c7151a-cc0c-4d86-96c8-429615d785cc", "flag_image_path": "/static/flags/ma.png"}}, {"model": "categories.countrymodel", "pk": "38913a5f-ab32-4612-af47-26838baf5cbc", "fields": {"country": "SB", "continent": "63da9153-518e-4fbc-8bfc-9729e49ff8c1", "flag_image_path": "/static/flags/sb.png"}}, {"model": "categories.countrymodel", "pk": "3b3c3660-0251-4d7d-a116-f9268ed547af", "fields": {"country": "GH", "continent": "e4c7151a-cc0c-4d86-96c8-429615d785cc", "flag_image_path": "/static/flags/gh.png"}}, {"model": "categories.countrymodel", "pk": "3bc027c9-61a6-4c7a-937d-66a19eaaa2f5", "fields": {"country": "SG", "continent": "fd8d74ba-d47b-4b21-8f01-29604085a473", "flag_image_path": "/static/flags/sg.png"}}, {"model": "categories.countrymodel", "pk": "407fa6d6-b435-4ec6-81e8-5e58c95d81c3", "fields": {"country": "JP", "continent": "fd8d74ba-d47b-4b21-8f01-29604085a473", "flag_image_path": "/static/flags/jp.png"}}, {"model": "categories.countrymodel", "pk": "40c3d4b4-409e-475c-9389-0aa6febfe4aa", "fields": {"country": "GL", "continent": "0c63c52c-df43-49c4-87f8-f99fed6e66f0", "flag_image_path": "/static/flags/gl.png"}}, {"model": "categories.countrymodel", "pk": "41bf540c-c8bd-4087-9190-253496cf9733", "fields": {"country": "KM", "continent": "e4c7151a-cc0c-4d86-96c8-429615d785cc", "flag_image_path": "/static/flags/km.png"}}, {"model": "categories.countrymodel", "pk": "42e82739-c566-478d-af15-b5acb62608ba", "fields": {"country": "UY", "continent": "2dffedd5-eeaf-4b91-b17a-b4078027dfeb", "flag_image_path": "/static/flags/uy.png"}}, {"model": "categories.countrymodel", "pk": "44f5af89-a7e7-4eb9-82eb-882f78e3f7a8", "fields": {"country": "MD", "continent": "be6af6fd-bb3e-4c6f-8d13-1a32ab874852", "flag_image_path": "/static/flags/md.png"}}, {"model": "categories.countrymodel", "pk": "451bcf55-b577-433e-8b4a-aee6d8dfefd2", "fields": {"country": "TC", "continent": "0c63c52c-df43-49c4-87f8-f99fed6e66f0", "flag_image_path": "/static/flags/tc.png"}}, {"model": "categories.countrymodel", "pk": "4548f946-09fd-43e1-a229-5dc9be1e7ae7", "fields": {"country": "VE", "continent": "2dffedd5-eeaf-4b91-b17a-b4078027dfeb", "flag_image_path": "/static/flags/ve.png"}}, {"model": "categories.countrymodel", "pk": "492cd2ec-47b6-4565-bae0-0c84174d329b", "fields": {"country": "GR", "continent": "be6af6fd-bb3e-4c6f-8d13-1a32ab874852", "flag_image_path": "/static/flags/gr.png"}}, {"model": "categories.countrymodel", "pk": "49f9b1fa-eb4a-4d63-b8f0-14f80ccfbbee", "fields": {"country": "CG", "continent": "e4c7151a-cc0c-4d86-96c8-429615d785cc", "flag_image_path": "/static/flags/cg.png"}}, {"model": "categories.countrymodel", "pk": "4a657863-ace3-4cb8-a4fc-05778992e228", "fields": {"country": "FI", "continent": "be6af6fd-bb3e-4c6f-8d13-1a32ab874852", "flag_image_path": "/static/flags/fi.png"}}, {"model": "categories.countrymodel", "pk": "4b0ddbd2-b96f-4006-ac2c-0e1c26fb24d3", "fields": {"country": "EE", "continent": "be6af6fd-bb3e-4c6f-8d13-1a32ab874852", "flag_image_path": "/static/flags/ee.png"}}, {"model": "categories.countrymodel", "pk": "4bd64965-465f-48f7-bc2f-9e5a2fbdff6b", "fields": {"country": "TH", "continent": "fd8d74ba-d47b-4b21-8f01-29604085a473", "flag_image_path": "/static/flags/th.png"}}, {"model": "categories.countrymodel", "pk": "4c072ab7-4c6d-46fb-bf60-dc91d099fc45", "fields": {"country": "ZW", "continent": "e4c7151a-cc0c-4d86-96c8-429615d785cc", "flag_image_path": "/static/flags/zw.png"}}, {"model": "categories.countrymodel", "pk": "4c9adf6d-73fd-403a-8fd5-2d3922e6b4ad", "fields": {"country": "ET", "continent": "e4c7151a-cc0c-4d86-96c8-429615d785cc", "flag_image_path": "/static/flags/et.png"}}, {"model": "categories.countrymodel", "pk": "50178338-9816-4f9a-8073-f5f21e8158c6", "fields": {"country": "CI", "continent": "e4c7151a-cc0c-4d86-96c8-429615d785cc", "flag_image_path": "/static/flags/ci.png"}}, {"model": "categories.countrymodel", "pk": "52346710-4309-4847-aa6c-82732c9b3e61", "fields": {"country": "GY", "continent": "2dffedd5-eeaf-4b91-b17a-b4078027dfeb", "flag_image_path": "/static/flags/gy.png"}}, {"model": "categories.countrymodel", "pk": "524669e1-b746-4396-9f91-8a724e5b203b", "fields": {"country": "BY", "continent": "be6af6fd-bb3e-4c6f-8d13-1a32ab874852", "flag_image_path": "/static/flags/by.png"}}, {"model": "categories.countrymodel", "pk": "5307c954-a317-4175-b752-61e08b9abbd2", "fields": {"country": "AG", "continent": "0c63c52c-df43-49c4-87f8-f99fed6e66f0", "flag_image_path": "/static/flags/ag.png"}}, {"model": "categories.countrymodel", "pk": "533a54cf-31de-4228-9e6c-e26023c5f5f4", "fields": {"country": "EG", "continent": "e4c7151a-cc0c-4d86-96c8-429615d785cc", "flag_image_path": "/static/flags/eg.png"}}, {"model": "categories.countrymodel", "pk": "548ed6a6-3469-4876-b711-828107e75fb6", "fields": {"country": "LI", "continent": "be6af6fd-bb3e-4c6f-8d13-1a32ab874852", "flag_image_path": "/static/flags/li.png"}}, {"model": "categories.countrymodel", "pk": "555ae372-0336-468e-a128-d52008ea8248", "fields": {"country": "MM", "continent": "fd8d74ba-d47b-4b21-8f01-29604085a473", "flag_image_path": "/static/flags/mm.png"}}, {"model": "categories.countrymodel", "pk": "55f3a238-79a0-48d6-8686-3d136103c84e", "fields": {"country": "UA", "continent": "be6af6fd-bb3e-4c6f-8d13-1a32ab874852", "flag_image_path": "/static/flags/ua.png"}}, {"model": "categories.countrymodel", "pk": "5666eb60-a478-4f08-b970-ad39be6a9814", "fields": {"country": "KZ", "continent": "fd8d74ba-d47b-4b21-8f01-29604085a473", "flag_image_path": "/static/flags/kz.png"}}, {"model": "categories.countrymodel", "pk": "5882e1cc-ea0d-4225-bc3d-6f751049df22", "fields": {"country": "MS", "continent": "0c63c52c-df43-49c4-87f8-f99fed6e66f0", "flag_image_path": "/static/flags/ms.png"}}, {"model": "categories.countrymodel", "pk": "58f263b0-65e5-4235-8a12-1c6ee3de8234", "fields": {"country": "NG", "continent": "e4c7151a-cc0c-4d86-96c8-429615d785cc", "flag_image_path": "/static/flags/ng.png"}}, {"model": "categories.countrymodel", "pk": "59c8c81f-b0f1-4c1e-ace2-2ec09f7c1ac7", "fields": {"country": "PN", "continent": "63da9153-518e-4fbc-8bfc-9729e49ff8c1", "flag_image_path": "/static/flags/pn.png"}}, {"model": "categories.countrymodel", "pk": "5b26c7c4-2dac-4d9b-b416-e8224e292928", "fields": {"country": "BR", "continent": "2dffedd5-eeaf-4b91-b17a-b4078027dfeb", "flag_image_path": "/static/flags/br.png"}}, {"model": "categories.countrymodel", "pk": "5bc1cc14-d118-4b5d-982e-a99d5d7a6b77", "fields": {"country": "NL", "continent": "be6af6fd-bb3e-4c6f-8d13-1a32ab874852", "flag_image_path": "/static/flags/nl.png"}}, {"model": "categories.countrymodel", "pk": "5e0bf531-eb9b-4a02-83f3-f36333daf56d", "fields": {"country": "BS", "continent": "0c63c52c-df43-49c4-87f8-f99fed6e66f0", "flag_image_path": "/static/flags/bs.png"}}, {"model": "categories.countrymodel", "pk": "62ebac63-54b9-48ad-9736-cd9144bcfaab", "fields": {"country": "HT", "continent": "0c63c52c-df43-49c4-87f8-f99fed6e66f0", "flag_image_path": "/static/flags/ht.png"}}, {"model": "categories.countrymodel", "pk": "62ff6ea0-a686-477d-aa55-8783d06d580e", "fields": {"country": "RW", "continent": "e4c7151a-cc0c-4d86-96c8-429615d785cc", "flag_image_path": "/static/flags/rw.png"}}, {"model": "categories.countrymodel", "pk": "640fe8b2-4b04-4262-97aa-fa354d2bf0e3", "fields": {"country": "TK", "continent": "63da9153-518e-4fbc-8bfc-9729e49ff8c1", "flag_image_path": "/static/flags/tk.png"}}, {"model": "categories.countrymodel", "pk": "64595b25-d5c4-478e-a1e6-70fe0347b7d2", "fields": {"country": "QA", "continent": "fd8d74ba-d47b-4b21-8f01-29604085a473", "flag_image_path": "/static/flags/qa.png"}}, {"model": "categories.countrymodel", "pk": "64fa0077-1e93-49d5-9b2e-8a6e883519ed", "fields": {"country": "GM", "continent": "e4c7151a-cc0c-4d86-96c8-429615d785cc", "flag_image_path": "/static/flags/gm.png"}}, {"model": "categories.countrymodel", "pk": "65a88007-e7c7-490e-b2c1-c005be3825a9", "fields": {"country": "LK", "continent": "fd8d74ba-d47b-4b21-8f01-29604085a473", "flag_image_path": "/static/flags/lk.png"}}, {"model": "categories.countrymodel", "pk": "680f5d7a-2c70-42d5-a308-8c6a2e2d0565", "fields": {"country": "WS", "continent": "63da9153-518e-4fbc-8bfc-9729e49ff8c1", "flag_image_path": "/static/flags/ws.png"}}, {"model": "categories.countrymodel", "pk": "6952aa80-d703-4b8f-827e-ca0cec0f9086", "fields": {"country": "CK", "continent": "63da9153-518e-4fbc-8bfc-9729e49ff8c1", "flag_image_path": "/static/flags/ck.png"}}, {"model": "categories.countrymodel", "pk": "6983e398-d740-4a29-aa3c-fa8d3432199a", "fields": {"country": "NA", "continent": "e4c7151a-cc0c-4d86-96c8-429615d785cc", "flag_image_path": "/static/flags/na.png"}}, {"model": "categories.countrymodel", "pk": "69a3194e-499f-47fa-9dcc-86daede1c21d", "fields": {"country": "CM", "continent": "e4c7151a-cc0c-4d86-96c8-429615d785cc", "flag_image_path": "/static/flags/cm.png"}}, {"model": "categories.countrymodel", "pk": "69d3cc80-6572-4866-8a96-7de29f346d05", "fields": {"country": "UZ", "continent": "fd8d74ba-d47b-4b21-8f01-29604085a473", "flag_image_path": "/static/flags/uz.png"}}, {"model": "categories.countrymodel", "pk": "6ccd2559-a980-46fd-8cff-62ca718bf0a7", "fields": {"country": "GW", "continent": "e4c7151a-cc0c-4d86-96c8-429615d785cc", "flag_image_path": "/static/flags/gw.png"}}, {"model": "categories.countrymodel", "pk": "6deaa59f-0326-4755-a5bf-6a995cad28a2", "fields": {"country": "GG", "continent": "be6af6fd-bb3e-4c6f-8d13-1a32ab874852", "flag_image_path": "/static/flags/gg.png"}}, {"model": "categories.countrymodel", "pk": "6dffbf90-9d14-4c8d-b3b2-bc9dbd38c7dc", "fields": {"country": "HN", "continent": "0c63c52c-df43-49c4-87f8-f99fed6e66f0", "flag_image_path": "/static/flags/hn.png"}}, {"model": "categories.countrymodel", "pk": "706a842a-b8af-438e-9fc5-962e82740920", "fields": {"country": "CN", "continent": "fd8d74ba-d47b-4b21-8f01-29604085a473", "flag_image_path": "/static/flags/cn.png"}}, {"model": "categories.countrymodel", "pk": "724c07ad-b1a9-4325-b6d0-be3d3de5756b", "fields": {"country": "KE", "continent": "e4c7151a-cc0c-4d86-96c8-429615d785cc", "flag_image_path": "/static/flags/ke.png"}}, {"model": "categories.countrymodel", "pk": "72f94470-7ab7-4296-a2b4-20dbc0411462", "fields": {"country": "CX", "continent": "fd8d74ba-d47b-4b21-8f01-29604085a473", "flag_image_path": "/static/flags/cx.png"}}, {"model": "categories.countrymodel", "pk": "731b8af0-9624-44aa-9bd0-407e9c759830", "fields": {"country": "GE", "continent": "be6af6fd-bb3e-4c6f-8d13-1a32ab874852", "flag_image_path": "/static/flags/ge.png"}}, {"model": "categories.countrymodel", "pk": "749ff06e-323b-428c-8e36-b47bc3119726", "fields": {"country": "NE", "continent": "e4c7151a-cc0c-4d86-96c8-429615d785cc", "flag_image_path": "/static/flags/ne.png"}}, {"model": "categories.countrymodel", "pk": "78b669ea-3448-40b8-82a4-3e905f96e4e9", "fields": {"country": "YE", "continent": "fd8d74ba-d47b-4b21-8f01-29604085a473", "flag_image_path": "/static/flags/ye.png"}}, {"model": "categories.countrymodel", "pk": "7924a347-a4f1-4226-9542-741fecf10d90", "fields": {"country": "LV", "continent": "be6af6fd-bb3e-4c6f-8d13-1a32ab874852", "flag_image_path": "/static/flags/lv.png"}}, {"model": "categories.countrymodel", "pk": "7b16aceb-0a24-46ac-8874-127cbb80744b", "fields": {"country": "CH", "continent": "be6af6fd-bb3e-4c6f-8d13-1a32ab874852", "flag_image_path": "/static/flags/ch.png"}}, {"model": "categories.countrymodel", "pk": "7b217612-52db-4466-83f9-c49fc00c82f7", "fields": {"country": "UG", "continent": "e4c7151a-cc0c-4d86-96c8-429615d785cc", "flag_image_path": "/static/flags/ug.png"}}, {"model": "categories.countrymodel", "pk": "7b5ba032-05d4-480d-9508-b455c6cf7125", "fields": {"country": "OM", "continent": "fd8d74ba-d47b-4b21-8f01-29604085a473", "flag_image_path": "/static/flags/om.png"}}, {"model": "categories.countrymodel", "pk": "7d35f5ba-4cdc-4047-9103-59c0b667a968", "fields": {"country": "GI", "continent": "be6af6fd-bb3e-4c6f-8d13-1a32ab874852", "flag_image_path": "/static/flags/gi.png"}}, {"model": "categories.countrymodel", "pk": "7ed68236-64ff-4f86-8a82-1d4359d46cef", "fields": {"country": "BD", "continent": "fd8d74ba-d47b-4b21-8f01-29604085a473", "flag_image_path": "/static/flags/bd.png"}}, {"model": "categories.countrymodel", "pk": "81fd0c9c-f54f-42c1-87bf-eafbc3d82647", "fields": {"country": "KY", "continent": "0c63c52c-df43-49c4-87f8-f99fed6e66f0", "flag_image_path": "/static/flags/ky.png"}}, {"model": "categories.countrymodel", "pk": "82235b1c-3414-4bf1-852d-a69f34daed00", "fields": {"country": "GN", "continent": "e4c7151a-cc0c-4d86-96c8-429615d785cc", "flag_image_path": "/static/flags/gn.png"}}, {"model": "categories.countrymodel", "pk": "82fea842-9522-41d5-a047-5d55663fb5c6", "fields": {"country": "CC", "continent": "63da9153-518e-4fbc-8bfc-9729e49ff8c1", "flag_image_path": "/static/flags/cc.png"}}, {"model": "categories.countrymodel", "pk": "8366a465-41d2-4828-8055-4a9fca49e5a2", "fields": {"country": "AZ", "continent": "fd8d74ba-d47b-4b21-8f01-29604085a473", "flag_image_path": "/static/flags/az.png"}}, {"model": "categories.countrymodel", "pk": "83bf805e-fae9-4ea1-9164-c481908728f4", "fields": {"country": "MQ", "continent": "0c63c52c-df43-49c4-87f8-f99fed6e66f0", "flag_image_path": "/static/flags/mq.png"}}, {"model": "categories.countrymodel", "pk": "83f4a384-ed2c-48e4-a886-508349f872e7", "fields": {"country": "NF", "continent": "63da9153-518e-4fbc-8bfc-9729e49ff8c1", "flag_image_path": "/static/flags/nf.png"}}, {"model": "categories.countrymodel", "pk": "84c5c2fa-ea9b-48ca-a722-825e7b2ba735", "fields": {"country": "CO", "continent": "2dffedd5-eeaf-4b91-b17a-b4078027dfeb", "flag_image_path": "/static/flags/co.png"}}, {"model": "categories.countrymodel", "pk": "8702dad7-af0e-4607-ba0d-faef0e10e340", "fields": {"country": "AW", "continent": "2dffedd5-eeaf-4b91-b17a-b4078027dfeb", "flag_image_path": "/static/flags/aw.png"}}, {"model": "categories.countrymodel", "pk": "87032c6a-d8da-4be8-bdda-d81c51c05b7e", "fields": {"country": "DM", "continent": "0c63c52c-df43-49c4-87f8-f99fed6e66f0", "flag_image_path": "/static/flags/dm.png"}}, {"model": "categories.countrymodel", "pk": "875e2410-7b6a-4066-9e9d-d50fa32a6314", "fields": {"country": "TN", "continent": "e4c7151a-cc0c-4d86-96c8-429615d785cc", "flag_image_path": "/static/flags/tn.png"}}, {"model": "categories.countrymodel", "pk": "881a37fc-f601-42de-ae21-49898a164e2d", "fields": {"country": "IL", "continent": "fd8d74ba-d47b-4b21-8f01-29604085a473", "flag_image_path": "/static/flags/il.png"}}, {"model": "categories.countrymodel", "pk": "8e006ab4-5677-4f5a-84e3-d4639a0d6311", "fields": {"country": "SE", "continent": "be6af6fd-bb3e-4c6f-8d13-1a32ab874852", "flag_image_path": "/static/flags/se.png"}}, {"model": "categories.countrymodel", "pk": "904424cd-5162-4167-a804-bb39c9be5dc3", "fields": {"country": "ID", "continent": "fd8d74ba-d47b-4b21-8f01-29604085a473", "flag_image_path": "/static/flags/id.png"}}, {"model": "categories.countrymodel", "pk": "9168ffd6-2447-4785-8ba5-1d8718c9c4d8", "fields": {"country": "HU", "continent": "be6af6fd-bb3e-4c6f-8d13-1a32ab874852", "flag_image_path": "/static/flags/hu.png"}}, {"model": "categories.countrymodel", "pk": "92d746d8-0159-4d0e-bb5b-22e444bc80ef", "fields": {"country": "AS", "continent": "63da9153-518e-4fbc-8bfc-9729e49ff8c1", "flag_image_path": "/static/flags/as.png"}}, {"model": "categories.countrymodel", "pk": "93301052-602d-4e18-bc9c-f760496331aa", "fields": {"country": "ZM", "continent": "e4c7151a-cc0c-4d86-96c8-429615d785cc", "flag_image_path": "/static/flags/zm.png"}}, {"model": "categories.countrymodel", "pk": "94859421-6d26-40e3-9475-bdebf4ff8d9d", "fields": {"country": "HR", "continent": "be6af6fd-bb3e-4c6f-8d13-1a32ab874852", "flag_image_path": "/static/flags/hr.png"}}, {"model": "categories.countrymodel", "pk": "9764487b-7db8-4359-b3a1-2943d173a9ac", "fields": {"country": "MC", "continent": "be6af6fd-bb3e-4c6f-8d13-1a32ab874852", "flag_image_path": "/static/flags/mc.png"}}, {"model": "categories.countrymodel", "pk": "9977c6d8-7aa3-4a30-9d01-801329daae8d", "fields": {"country": "AM", "continent": "fd8d74ba-d47b-4b21-8f01-29604085a473", "flag_image_path": "/static/flags/am.png"}}, {"model": "categories.countrymodel", "pk": "9ada6444-8360-4946-927f-9ff4d3cbe08d", "fields": {"country": "GS", "continent": "2dffedd5-eeaf-4b91-b17a-b4078027dfeb", "flag_image_path": "/static/flags/gs.png"}}, {"model": "categories.countrymodel", "pk": "9b2924af-7a90-4415-b02b-de6dd4d8ebd5", "fields": {"country": "AD", "continent": "be6af6fd-bb3e-4c6f-8d13-1a32ab874852", "flag_image_path": "/static/flags/ad.png"}}, {"model": "categories.countrymodel", "pk": "9b3a77a2-458b-4bcf-82f2-1428e8cadb34", "fields": {"country": "BA", "continent": "be6af6fd-bb3e-4c6f-8d13-1a32ab874852", "flag_image_path": "/static/flags/ba.png"}}, {"model": "categories.countrymodel", "pk": "9c9f034a-f2a8-438f-9983-4f24a7dba71a", "fields": {"country": "LY", "continent": "e4c7151a-cc0c-4d86-96c8-429615d785cc", "flag_image_path": "/static/flags/ly.png"}}, {"model": "categories.countrymodel", "pk": "9cbbc09a-6692-4834-9093-bb6425534793", "fields": {"country": "AL", "continent": "be6af6fd-bb3e-4c6f-8d13-1a32ab874852", "flag_image_path": "/static/flags/al.png"}}, {"model": "categories.countrymodel", "pk": "9d4dbfea-f10e-4d70-ae8b-e4f91a91ce5e", "fields": {"country": "IE", "continent": "be6af6fd-bb3e-4c6f-8d13-1a32ab874852", "flag_image_path": "/static/flags/ie.png"}}, {"model": "categories.countrymodel", "pk": "9da58b1e-75f9-40e7-aa9a-1992ac47bd2d", "fields": {"country": "BJ", "continent": "e4c7151a-cc0c-4d86-96c8-429615d785cc", "flag_image_path": "/static/flags/bj.png"}}, {"model": "categories.countrymodel", "pk": "9df6d5a0-acbd-4c25-ab7a-0979b0b5e619", "fields": {"country": "TM", "continent": "fd8d74ba-d47b-4b21-8f01-29604085a473", "flag_image_path": "/static/flags/tm.png"}}, {"model": "categories.countrymodel", "pk": "9e9b4382-0cbb-4228-8cd3-e10a121619b8", "fields": {"country": "MZ", "continent": "e4c7151a-cc0c-4d86-96c8-429615d785cc", "flag_image_path": "/static/flags/mz.png"}}, {"model": "categories.countrymodel", "pk": "a0953ac1-943b-4e07-b43a-720ff659b4f5", "fields": {"country": "RO", "continent": "be6af6fd-bb3e-4c6f-8d13-1a32ab874852", "flag_image_path": "/static/flags/ro.png"}}, {"model": "categories.countrymodel", "pk": "a1652273-3f7f-403f-90f3-c61f1d15124d", "fields": {"country": "TJ", "continent": "fd8d74ba-d47b-4b21-8f01-29604085a473", "flag_image_path": "/static/flags/tj.png"}}, {"model": "categories.countrymodel", "pk": "a35803d9-9d54-4d5b-b4d3-3b086726af9f", "fields": {"country": "LT", "continent": "be6af6fd-bb3e-4c6f-8d13-1a32ab874852", "flag_image_path": "/static/flags/lu.png"}}, {"model": "categories.countrymodel", "pk": "a3e4f0ce-62a3-4517-90c8-a37b78690083", "fields": {"country": "AU", "continent": "63da9153-518e-4fbc-8bfc-9729e49ff8c1", "flag_image_path": "/static/flags/au.png"}}, {"model": "categories.countrymodel", "pk": "a6be655d-28af-4c24-b32a-aa552168dd89", "fields": {"country": "PW", "continent": "63da9153-518e-4fbc-8bfc-9729e49ff8c1", "flag_image_path": "/static/flags/pw.png"}}, {"model": "categories.countrymodel", "pk": "a779b6f7-d674-4599-b2f0-2c2e2efd7eb6", "fields": {"country": "MV", "continent": "fd8d74ba-d47b-4b21-8f01-29604085a473", "flag_image_path": "/static/flags/mv.png"}}, {"model": "categories.countrymodel", "pk": "a8b2ab30-c8ed-4f72-a971-0a1249dc2b3b", "fields": {"country": "PH", "continent": "fd8d74ba-d47b-4b21-8f01-29604085a473", "flag_image_path": "/static/flags/ph.png"}}, {"model": "categories.countrymodel", "pk": "a92762d2-aabc-4c88-9441-5a359810f5ad", "fields": {"country": "MO", "continent": "fd8d74ba-d47b-4b21-8f01-29604085a473", "flag_image_path": "/static/flags/mo.png"}}, {"model": "categories.countrymodel", "pk": "a9efcf22-507c-47c5-b484-414073b316ad", "fields": {"country": "ME", "continent": "be6af6fd-bb3e-4c6f-8d13-1a32ab874852", "flag_image_path": "/static/flags/me.png"}}, {"model": "categories.countrymodel", "pk": "aa2f00ae-a3d7-41ab-b910-1355d0b14db2", "fields": {"country": "KG", "continent": "fd8d74ba-d47b-4b21-8f01-29604085a473", "flag_image_path": "/static/flags/kg.png"}}, {"model": "categories.countrymodel", "pk": "aa47fe2c-4090-43e1-8c82-3d05774559b5", "fields": {"country": "KI", "continent": "63da9153-518e-4fbc-8bfc-9729e49ff8c1", "flag_image_path": "/static/flags/ki.png"}}, {"model": "categories.countrymodel", "pk": "aba63a10-dad0-494a-91fb-34c83935a1ef", "fields": {"country": "MP", "continent": "63da9153-518e-4fbc-8bfc-9729e49ff8c1", "flag_image_path": "/static/flags/mp.png"}}, {"model": "categories.countrymodel", "pk": "ac3558f5-8ded-4f47-b962-f4fbd00731f9", "fields": {"country": "SY", "continent": "fd8d74ba-d47b-4b21-8f01-29604085a473", "flag_image_path": "/static/flags/sy.png"}}, {"model": "categories.countrymodel", "pk": "ad7ff7cf-222b-4093-aa3e-427229f7c8ae", "fields": {"country": "RU", "continent": "be6af6fd-bb3e-4c6f-8d13-1a32ab874852", "flag_image_path": "/static/flags/ru.png"}}, {"model": "categories.countrymodel", "pk": "ada951d8-92c1-43bd-b3e8-c70cff5a457c", "fields": {"country": "SM", "continent": "be6af6fd-bb3e-4c6f-8d13-1a32ab874852", "flag_image_path": "/static/flags/sm.png"}}, {"model": "categories.countrymodel", "pk": "adf1dea6-a8da-441c-9bd8-7a3dcb0107fe", "fields": {"country": "PG", "continent": "63da9153-518e-4fbc-8bfc-9729e49ff8c1", "flag_image_path": "/static/flags/pg.png"}}, {"model": "categories.countrymodel", "pk": "af66ac91-2bf3-43dc-8c24-95e8ba487dec", "fields": {"country": "TW", "continent": "fd8d74ba-d47b-4b21-8f01-29604085a473", "flag_image_path": "/static/flags/tw.png"}}, {"model": "categories.countrymodel", "pk": "b0985c02-2734-46aa-90e6-5f22a676bf02", "fields": {"country": "IS", "continent": "be6af6fd-bb3e-4c6f-8d13-1a32ab874852", "flag_image_path": "/static/flags/is.png"}}, {"model": "categories.countrymodel", "pk": "b0b5a856-41bc-4be2-92df-8d58ae819109", "fields": {"country": "YT", "continent": "e4c7151a-cc0c-4d86-96c8-429615d785cc", "flag_image_path": "/static/flags/yt.png"}}, {"model": "categories.countrymodel", "pk": "b13d6fc7-c1fa-42c5-bd9d-d6f361d83d14", "fields": {"country": "PA", "continent": "0c63c52c-df43-49c4-87f8-f99fed6e66f0", "flag_image_path": "/static/flags/pa.png"}}, {"model": "categories.countrymodel", "pk": "b2c09864-a62b-4fb6-9115-6285f465b84d", "fields": {"country": "SK", "continent": "be6af6fd-bb3e-4c6f-8d13-1a32ab874852", "flag_image_path": "/static/flags/sk.png"}}, {"model": "categories.countrymodel", "pk": "b54f4839-9759-4572-b59d-c3637627826a", "fields": {"country": "VN", "continent": "fd8d74ba-d47b-4b21-8f01-29604085a473", "flag_image_path": "/static/flags/vn.png"}}, {"model": "categories.countrymodel", "pk": "b57831d4-1204-4166-ac04-a6f05d016206", "fields": {"country": "CL", "continent": "2dffedd5-eeaf-4b91-b17a-b4078027dfeb", "flag_image_path": "/static/flags/cl.png"}}, {"model": "categories.countrymodel", "pk": "b9794dc9-ebfa-4fb6-865e-c305eb0c2e0d", "fields": {"country": "AX", "continent": "be6af6fd-bb3e-4c6f-8d13-1a32ab874852", "flag_image_path": "/static/flags/ax.png"}}, {"model": "categories.countrymodel", "pk": "bb5aa4ee-b958-4da2-95de-54bad6488aa7", "fields": {"country": "NO", "continent": "be6af6fd-bb3e-4c6f-8d13-1a32ab874852", "flag_image_path": "/static/flags/no.png"}}, {"model": "categories.countrymodel", "pk": "bbc0674d-656e-45bf-86d8-08cf74d0af72", "fields": {"country": "VC", "continent": "0c63c52c-df43-49c4-87f8-f99fed6e66f0", "flag_image_path": "/static/flags/vc.png"}}, {"model": "categories.countrymodel", "pk": "bc27def9-3c1e-4857-ab25-62ef822b3042", "fields": {"country": "MR", "continent": "e4c7151a-cc0c-4d86-96c8-429615d785cc", "flag_image_path": "/static/flags/mr.png"}}, {"model": "categories.countrymodel", "pk": "bc688b9f-3745-4919-bb7c-ef673560b1e4", "fields": {"country": "ST", "continent": "e4c7151a-cc0c-4d86-96c8-429615d785cc", "flag_image_path": "/static/flags/st.png"}}, {"model": "categories.countrymodel", "pk": "bced6490-a02e-4b9e-9f98-5a76ec36899c", "fields": {"country": "FM", "continent": "63da9153-518e-4fbc-8bfc-9729e49ff8c1", "flag_image_path": "/static/flags/fm.png"}}, {"model": "categories.countrymodel", "pk": "be93de2f-b9d2-4fb1-8fb7-9788de41a486", "fields": {"country": "PL", "continent": "be6af6fd-bb3e-4c6f-8d13-1a32ab874852", "flag_image_path": "/static/flags/pl.png"}}, {"model": "categories.countrymodel", "pk": "bf82da65-45b7-4842-8c2e-3aae9e0be67f", "fields": {"country": "CF", "continent": "e4c7151a-cc0c-4d86-96c8-429615d785cc", "flag_image_path": "/static/flags/cf.png"}}, {"model": "categories.countrymodel", "pk": "c070672d-d04a-446c-b3ae-f7888359780a", "fields": {"country": "SN", "continent": "e4c7151a-cc0c-4d86-96c8-429615d785cc", "flag_image_path": "/static/flags/sn.png"}}, {"model": "categories.countrymodel", "pk": "c1859f43-7e36-4950-9916-029e01af2a35", "fields": {"country": "MW", "continent": "e4c7151a-cc0c-4d86-96c8-429615d785cc", "flag_image_path": "/static/flags/mw.png"}}, {"model": "categories.countrymodel", "pk": "c2931bab-e6ee-41ea-a43b-69f64a07fc66", "fields": {"country": "JO", "continent": "fd8d74ba-d47b-4b21-8f01-29604085a473", "flag_image_path": "/static/flags/jo.png"}}, {"model": "categories.countrymodel", "pk": "c333cf45-ada7-4b13-a162-c63c4713cb84", "fields": {"country": "NR", "continent": "63da9153-518e-4fbc-8bfc-9729e49ff8c1", "flag_image_path": "/static/flags/nr.png"}}, {"model": "categories.countrymodel", "pk": "c4f10fbe-faf6-4d00-a041-aac67bb46f7e", "fields": {"country": "IT", "continent": "be6af6fd-bb3e-4c6f-8d13-1a32ab874852", "flag_image_path": "/static/flags/it.png"}}, {"model": "categories.countrymodel", "pk": "c59513f9-f636-45e2-9639-860a1540efbe", "fields": {"country": "CU", "continent": "0c63c52c-df43-49c4-87f8-f99fed6e66f0", "flag_image_path": "/static/flags/cu.png"}}, {"model": "categories.countrymodel", "pk": "c668c106-d310-4e66-8cfe-e3fe9330fdac", "fields": {"country": "TT", "continent": "2dffedd5-eeaf-4b91-b17a-b4078027dfeb", "flag_image_path": "/static/flags/tt.png"}}, {"model": "categories.countrymodel", "pk": "c695f30f-e057-4012-a415-6f1b388d5358", "fields": {"country": "GA", "continent": "e4c7151a-cc0c-4d86-96c8-429615d785cc", "flag_image_path": "/static/flags/ga.png"}}, {"model": "categories.countrymodel", "pk": "c89f55a7-ebd5-4965-bebd-de07c2dbe60b", "fields": {"country": "SV", "continent": "0c63c52c-df43-49c4-87f8-f99fed6e66f0", "flag_image_path": "/static/flags/sv.png"}}, {"model": "categories.countrymodel", "pk": "c901d604-196c-4e42-9a1e-a8baca6a067f", "fields": {"country": "JM", "continent": "0c63c52c-df43-49c4-87f8-f99fed6e66f0", "flag_image_path": "/static/flags/jm.png"}}, {"model": "categories.countrymodel", "pk": "c93bc267-0306-411b-80e5-b86968a61d06", "fields": {"country": "SO", "continent": "e4c7151a-cc0c-4d86-96c8-429615d785cc", "flag_image_path": "/static/flags/so.png"}}, {"model": "categories.countrymodel", "pk": "caa0255f-ebc2-45df-8352-ac1da8831c7f", "fields": {"country": "BH", "continent": "fd8d74ba-d47b-4b21-8f01-29604085a473", "flag_image_path": "/static/flags/bh.png"}}, {"model": "categories.countrymodel", "pk": "cbae2225-e88a-4957-b985-61c4b86309ce", "fields": {"country": "AO", "continent": "e4c7151a-cc0c-4d86-96c8-429615d785cc", "flag_image_path": "/static/flags/ao.png"}}, {"model": "categories.countrymodel", "pk": "cd2fa47a-d054-4de7-85c3-da8904300001", "fields": {"country": "AF", "continent": "fd8d74ba-d47b-4b21-8f01-29604085a473", "flag_image_path": "/static/flags/af.png"}}, {"model": "categories.countrymodel", "pk": "cdfe1815-0dca-4b49-8074-6c286412e747", "fields": {"country": "IR", "continent": "fd8d74ba-d47b-4b21-8f01-29604085a473", "flag_image_path": "/static/flags/ir.png"}}, {"model": "categories.countrymodel", "pk": "ce1b5389-9cbe-4b7d-8074-be4eee7cdf7a", "fields": {"country": "ML", "continent": "e4c7151a-cc0c-4d86-96c8-429615d785cc", "flag_image_path": "/static/flags/ml.png"}}, {"model": "categories.countrymodel", "pk": "ce4575fb-9337-4a7b-8bfb-b912888157ac", "fields": {"country": "FK", "continent": "2dffedd5-eeaf-4b91-b17a-b4078027dfeb", "flag_image_path": "/static/flags/fk.png"}}, {"model": "categories.countrymodel", "pk": "ce5a1d9f-01d4-4c13-b531-ad89e0edd131", "fields": {"country": "DJ", "continent": "e4c7151a-cc0c-4d86-96c8-429615d785cc", "flag_image_path": "/static/flags/dj.png"}}, {"model": "categories.countrymodel", "pk": "ce800748-d77c-4589-98a2-9ddf72368ed6", "fields": {"country": "IN", "continent": "fd8d74ba-d47b-4b21-8f01-29604085a473", "flag_image_path": "/static/flags/in.png"}}, {"model": "categories.countrymodel", "pk": "ceafb37d-d7df-4371-997a-74f827e8b5f7", "fields": {"country": "FR", "continent": "be6af6fd-bb3e-4c6f-8d13-1a32ab874852", "flag_image_path": "/static/flags/fr.png"}}, {"model": "categories.countrymodel", "pk": "cf5927c3-93c0-4565-b48c-51a959cea69c", "fields": {"country": "AT", "continent": "be6af6fd-bb3e-4c6f-8d13-1a32ab874852", "flag_image_path": "/static/flags/at.png"}}, {"model": "categories.countrymodel", "pk": "d06e01a4-082b-49b4-8728-eb3584ac354f", "fields": {"country": "CZ", "continent": "be6af6fd-bb3e-4c6f-8d13-1a32ab874852", "flag_image_path": "/static/flags/cz.png"}}, {"model": "categories.countrymodel", "pk": "d159c145-4e61-4801-b6d2-d76404c7b91e", "fields": {"country": "CR", "continent": "0c63c52c-df43-49c4-87f8-f99fed6e66f0", "flag_image_path": "/static/flags/cr.png"}}, {"model": "categories.countrymodel", "pk": "d1696507-a051-4a10-b68c-e31b008dad29", "fields": {"country": "PY", "continent": "2dffedd5-eeaf-4b91-b17a-b4078027dfeb", "flag_image_path": "/static/flags/py.png"}}, {"model": "categories.countrymodel", "pk": "d5696186-f562-4498-9a61-e88a1f69da68", "fields": {"country": "EC", "continent": "2dffedd5-eeaf-4b91-b17a-b4078027dfeb", "flag_image_path": "/static/flags/ec.png"}}, {"model": "categories.countrymodel", "pk": "d5eaf56c-55d6-45dc-ac74-0af43d631042", "fields": {"country": "MX", "continent": "0c63c52c-df43-49c4-87f8-f99fed6e66f0", "flag_image_path": "/static/flags/mx.png"}}, {"model": "categories.countrymodel", "pk": "d73566cb-aa22-4d84-9784-642edc2570a7", "fields": {"country": "ES", "continent": "be6af6fd-bb3e-4c6f-8d13-1a32ab874852", "flag_image_path": "/static/flags/es.png"}}, {"model": "categories.countrymodel", "pk": "d820ade2-3d10-4491-ba09-3842a4957fd6", "fields": {"country": "RS", "continent": "be6af6fd-bb3e-4c6f-8d13-1a32ab874852", "flag_image_path": "/static/flags/rs.png"}}, {"model": "categories.countrymodel", "pk": "d93f7ae9-02d7-4785-9adc-fe6ef8539a5c", "fields": {"country": "VA", "continent": "be6af6fd-bb3e-4c6f-8d13-1a32ab874852", "flag_image_path": "/static/flags/va.png"}}, {"model": "categories.countrymodel", "pk": "db2bc5af-e5cb-422d-9c60-c45ba27aa44a", "fields": {"country": "GP", "continent": "0c63c52c-df43-49c4-87f8-f99fed6e66f0", "flag_image_path": "/static/flags/gp.png"}}, {"model": "categories.countrymodel", "pk": "db656fab-2f56-46e1-97c4-1c7fe9d162a3", "fields": {"country": "DK", "continent": "be6af6fd-bb3e-4c6f-8d13-1a32ab874852", "flag_image_path": "/static/flags/dk.png"}}, {"model": "categories.countrymodel", "pk": "db9b606a-fc45-4cc3-bf55-95c61e8af833", "fields": {"country": "WF", "continent": "63da9153-518e-4fbc-8bfc-9729e49ff8c1", "flag_image_path": "/static/flags/wf.png"}}, {"model": "categories.countrymodel", "pk": "dbcd3430-9b4a-44fb-aabb-d7fbae28c55e", "fields": {"country": "ZA", "continent": "e4c7151a-cc0c-4d86-96c8-429615d785cc", "flag_image_path": "/static/flags/za.png"}}, {"model": "categories.countrymodel", "pk": "ddfbfc54-7dfe-4a7b-bfcc-5b3cbe6a78a3", "fields": {"country": "RE", "continent": "e4c7151a-cc0c-4d86-96c8-429615d785cc", "flag_image_path": "/static/flags/re.png"}}, {"model": "categories.countrymodel", "pk": "e074c1a5-5305-4961-9114-390b7b73555d", "fields": {"country": "EH", "continent": "e4c7151a-cc0c-4d86-96c8-429615d785cc", "flag_image_path": "/static/flags/eh.png"}}, {"model": "categories.countrymodel", "pk": "e2ddfd52-d9fe-4fbd-a2b7-784037986b7c", "fields": {"country": "SA", "continent": "fd8d74ba-d47b-4b21-8f01-29604085a473", "flag_image_path": "/static/flags/sa.png"}}, {"model": "categories.countrymodel", "pk": "e2de76b4-849d-4d07-8183-54ddcebd73ac", "fields": {"country": "BE", "continent": "be6af6fd-bb3e-4c6f-8d13-1a32ab874852", "flag_image_path": "/static/flags/be.png"}}, {"model": "categories.countrymodel", "pk": "e4f26b3f-11ac-4443-8c91-4b2bcb6277af", "fields": {"country": "VU", "continent": "63da9153-518e-4fbc-8bfc-9729e49ff8c1", "flag_image_path": "/static/flags/vu.png"}}, {"model": "categories.countrymodel", "pk": "e6922796-f76d-473d-9147-3a72b264af4a", "fields": {"country": "LS", "continent": "e4c7151a-cc0c-4d86-96c8-429615d785cc", "flag_image_path": "/static/flags/ls.png"}}, {"model": "categories.countrymodel", "pk": "e6f06403-809b-48a3-937c-5315b40c58c7", "fields": {"country": "SD", "continent": "e4c7151a-cc0c-4d86-96c8-429615d785cc", "flag_image_path": "/static/flags/sd.png"}}, {"model": "categories.countrymodel", "pk": "e8edbb80-30ee-42e3-9160-cf93efd85739", "fields": {"country": "HK", "continent": "fd8d74ba-d47b-4b21-8f01-29604085a473", "flag_image_path": "/static/flags/hk.png"}}, {"model": "categories.countrymodel", "pk": "e912b77f-fff2-4b2a-9878-5ade59bc4b64", "fields": {"country": "PF", "continent": "63da9153-518e-4fbc-8bfc-9729e49ff8c1", "flag_image_path": "/static/flags/pf.png"}}, {"model": "categories.countrymodel", "pk": "e958a18a-0e3f-40bb-b124-ac3d888453da", "fields": {"country": "GD", "continent": "0c63c52c-df43-49c4-87f8-f99fed6e66f0", "flag_image_path": "/static/flags/gd.png"}}, {"model": "categories.countrymodel", "pk": "ea753919-0094-4614-ad2a-9128ad9e1be8", "fields": {"country": "AI", "continent": "0c63c52c-df43-49c4-87f8-f99fed6e66f0", "flag_image_path": "/static/flags/ai.png"}}, {"model": "categories.countrymodel", "pk": "eae3c507-39d9-4709-a112-609b13be38ac", "fields": {"country": "GU", "continent": "63da9153-518e-4fbc-8bfc-9729e49ff8c1", "flag_image_path": "/static/flags/gu.png"}}, {"model": "categories.countrymodel", "pk": "ec2268e4-d38e-4eee-ad1e-4300f10dcd60", "fields": {"country": "BW", "continent": "e4c7151a-cc0c-4d86-96c8-429615d785cc", "flag_image_path": "/static/flags/bw.png"}}, {"model": "categories.countrymodel", "pk": "ec9f3159-219a-4c05-a24e-44da84dde68f", "fields": {"country": "MT", "continent": "be6af6fd-bb3e-4c6f-8d13-1a32ab874852", "flag_image_path": "/static/flags/mt.png"}}, {"model": "categories.countrymodel", "pk": "eeeab09a-7a60-4ddc-9689-10f3f8da356a", "fields": {"country": "LB", "continent": "fd8d74ba-d47b-4b21-8f01-29604085a473", "flag_image_path": "/static/flags/lb.png"}}, {"model": "categories.countrymodel", "pk": "f0882d0c-d787-4b6b-97f3-f5d5ec5d8ec3", "fields": {"country": "DZ", "continent": "e4c7151a-cc0c-4d86-96c8-429615d785cc", "flag_image_path": "/static/flags/dz.png"}}, {"model": "categories.countrymodel", "pk": "f1cf54db-35d3-440b-899e-f60b4ed28db0", "fields": {"country": "LU", "continent": "be6af6fd-bb3e-4c6f-8d13-1a32ab874852", "flag_image_path": "/static/flags/lu.png"}}, {"model": "categories.countrymodel", "pk": "f2e071f2-bf48-4bbf-a4e6-b61ee9294d7c", "fields": {"country": "US", "continent": "0c63c52c-df43-49c4-87f8-f99fed6e66f0", "flag_image_path": "/static/flags/us.png"}}, {"model": "categories.countrymodel", "pk": "f39402b3-2d80-47d5-9d0d-8971f137cd34", "fields": {"country": "NI", "continent": "0c63c52c-df43-49c4-87f8-f99fed6e66f0", "flag_image_path": "/static/flags/ni.png"}}, {"model": "categories.countrymodel", "pk": "f6b6f2c9-ba57-4a05-a166-006c9083d064", "fields": {"country": "BL", "continent": "0c63c52c-df43-49c4-87f8-f99fed6e66f0", "flag_image_path": "/static/flags/bl.png"}}, {"model": "categories.countrymodel", "pk": "f7ef91cc-206c-4bdc-b55a-721daaa36147", "fields": {"country": "SL", "continent": "e4c7151a-cc0c-4d86-96c8-429615d785cc", "flag_image_path": "/static/flags/sl.png"}}, {"model": "categories.countrymodel", "pk": "f7f0e417-2b8e-4bc4-b8d8-647f24555b65", "fields": {"country": "GQ", "continent": "e4c7151a-cc0c-4d86-96c8-429615d785cc", "flag_image_path": "/static/flags/gq.png"}}, {"model": "categories.countrymodel", "pk": "f80528df-9891-4b1b-9b17-4e8f835d25b1", "fields": {"country": "BM", "continent": "0c63c52c-df43-49c4-87f8-f99fed6e66f0", "flag_image_path": "/static/flags/bm.png"}}, {"model": "categories.countrymodel", "pk": "fac25709-1f57-464a-a009-f1cf1d0957fd", "fields": {"country": "TG", "continent": "e4c7151a-cc0c-4d86-96c8-429615d785cc", "flag_image_path": "/static/flags/tg.png"}}, {"model": "categories.countrymodel", "pk": "fc952fb7-511d-4038-befe-2d85c1a2835d", "fields": {"country": "TL", "continent": "fd8d74ba-d47b-4b21-8f01-29604085a473", "flag_image_path": "/static/flags/tl.png"}}, {"model": "categories.countrymodel", "pk": "fdd63e91-5928-45a7-8e04-97b88472db76", "fields": {"country": "KP", "continent": "fd8d74ba-d47b-4b21-8f01-29604085a473", "flag_image_path": "/static/flags/kp.png"}}, {"model": "categories.countrymodel", "pk": "fde9ad8a-d661-4fab-bf2c-77728cc23d4a", "fields": {"country": "MH", "continent": "63da9153-518e-4fbc-8bfc-9729e49ff8c1", "flag_image_path": "/static/flags/mh.png"}}, {"model": "categories.countrymodel", "pk": "fee7634e-ce22-4e19-a0c5-12bdf9614203", "fields": {"country": "LC", "continent": "0c63c52c-df43-49c4-87f8-f99fed6e66f0", "flag_image_path": "/static/flags/lc.png"}}, {"model": "categories.league", "pk": "1ab1ded9-31a9-4974-b77f-f0d2b54b3bd4", "fields": {"name": "Serie A", "country": "c4f10fbe-faf6-4d00-a041-aac67bb46f7e", "logo": "league_logos/serie-A.png", "thumbnail": "league_thumbnail/serie-a-kit-hp.jpg"}}, {"model": "categories.league", "pk": "58493403-b933-457f-ac42-ba7420e30186", "fields": {"name": "Bundesliga", "country": "144b5f17-08fc-464b-8af6-6d194b6b88cd", "logo": "league_logos/bundesliga-logo.png", "thumbnail": "league_thumbnail/bundesliga-kit-hp.jpg"}}, {"model": "categories.league", "pk": "804faf2e-0465-4ab7-b076-54673dad5471", "fields": {"name": "La Liga", "country": "d73566cb-aa22-4d84-9784-642edc2570a7", "logo": "league_logos/lali.png", "thumbnail": "league_thumbnail/la-liga-kit-hp.jpg"}}, {"model": "categories.league", "pk": "a51e4527-8697-47dc-af8d-0017936196ee", "fields": {"name": "Indian Super League", "country": "ce800748-d77c-4589-98a2-9ddf72368ed6", "logo": "league_logos/isl.png", "thumbnail": "league_thumbnail/isl.png"}}, {"model": "categories.league", "pk": "a7078b60-2acf-41d9-9884-d8cf10450e4c", "fields": {"name": "Premier League", "country": "1df815c5-8a06-46c5-8c85-cf7615ad2f38", "logo": "league_logos/pl.png", "thumbnail": "league_thumbnail/premier-league-kit-hp.jpg"}}, {"model": "categories.club", "pk": "09c10ee4-7efa-42d3-9685-09c02d752409", "fields": {"name": "Juventus", "league": "1ab1ded9-31a9-4974-b77f-f0d2b54b3bd4", "logo": "club_logos/juventus.png", "thumbnail": "club_thumbnail/juve-home-kit-23-h.jpg"}}, {"model": "categories.club", "pk": "1bec7f3e-4275-4bc9-9a80-8b5cf56694a4", "fields": {"name": "Borussia Dortmund", "league": "58493403-b933-457f-ac42-ba7420e30186", "logo": "club_logos/borussia.png", "thumbnail": "club_thumbnail/boruusia-thum.jpg"}}, {"model": "categories.club", "pk": "334fe241-3ae7-45b5-af55-7d901bf7b96d", "fields": {"name": "Kerala Blasters FC", "league": "a51e4527-8697-47dc-af8d-0017936196ee", "logo": "club_logos/keralaBlasters.png", "thumbnail": "club_thumbnail/kbfc-thum.jpg"}}, {"model": "categories.club", "pk": "4d56f0ba-8477-43cc-92f7-506750296686", "fields": {"name": "Chelsea", "league": "a7078b60-2acf-41d9-9884-d8cf10450e4c", "logo": "club_logos/ch.png", "thumbnail": "club_thumbnail/chelsea-thum.jpg"}}, {"model": "categories.club", "pk": "69f88bbb-97bd-46e6-bbed-be40e2f7a546", "fields": {"name": "Real Madrid", "league": "804faf2e-0465-4ab7-b076-54673dad5471", "logo": "club_logos/realmadrid.png", "thumbnail": "club_thumbnail/real-madrid-home-kit-23-hp.jpg"}}, {"model": "categories.club", "pk": "8130d6b8-5917-486f-837a-8014f0fa1796", "fields": {"name": "Bayern Munich", "league": "58493403-b933-457f-ac42-ba7420e30186", "logo": "club_logos/bayernMunich.png", "thumbnail": "club_thumbnail/fc-bayern-away-23-hp.jpg"}}, {"model": "categories.club", "pk": "9b00639d-afc0-4bd6-9b5e-fd26bad48070", "fields": {"name": "Barcelona", "league": "804faf2e-0465-4ab7-b076-54673dad5471", "logo": "club_logos/bar.png", "thumbnail": "club_thumbnail/barca-thum.jpg"}}, {"model": "categories.club", "pk": "b6692d7f-98a1-47cc-ad68-c796f7f1b725", "fields": {"name": "Chennaiyin FC", "league": "a51e4527-8697-47dc-af8d-0017936196ee", "logo": "club_logos/Chennaiyin_FC_logo.png", "thumbnail": "club_thumbnail/chennayin-thum.jpg"}}, {"model": "categories.club", "pk": "bd43834a-e268-4d48-a684-a7c47ae1fa13", "fields": {"name": "Roma", "league": "1ab1ded9-31a9-4974-b77f-f0d2b54b3bd4", "logo": "club_logos/roma.png", "thumbnail": "club_thumbnail/roma-thum.jpg"}}, {"model": "categories.club", "pk": "c16f8c5a-eaef-456c-b5ee-8be0d5242365", "fields": {"name": "Manchester City", "league": "a7078b60-2acf-41d9-9884-d8cf10450e4c", "logo": "club_logos/mc.png", "thumbnail": "club_thumbnail/man-c-thum.jpg"}}, {"model": "categories.club", "pk": "c3a82f00-8a57-4a8e-bbb3-62f1c427d626", "fields": {"name": "Manchester United", "league": "a7078b60-2acf-41d9-9884-d8cf10450e4c", "logo": "club_logos/mu.png", "thumbnail": "club_thumbnail/man-u-thum.jpg"}}, {"model": "cart.cart", "pk": "e962bad9-2227-4ef1-ae94-cc9c6395e244", "fields": {"user": 7, "completed": false, "session_id": null, "coupon_discount": 50, "final_price": 1399, "total": 1449}}, {"model": "cart.cartitem", "pk": "c31f453d-f0d2-4be9-be63-68ca0b4c04a6", "fields": {"cart": "e962bad9-2227-4ef1-ae94-cc9c6395e244", "product_item": "6b475c42-ce17-494f-aa79-831a5ecc8078", "quantity": 1, "status": "active", "total": "1449.00"}}, {"model": "wishlists.wishlistmodel", "pk": "45bf7ec5-930b-440c-bdb9-27d4eb563be1", "fields": {"user": 7, "product": []}}, {"model": "order.address", "pk": "0ca68303-29fa-4f38-a534-9217ed34de7f", "fields": {"user": 7, "name": "Amrutha", "phone_number": "8073265899", "street_address": "koyilandy", "city": "kozhikode", "postal_code": "673620", "state": "kerala", "country": "IN"}}, {"model": "order.address", "pk": "244dc1eb-1a43-44f3-a022-0a7731e4b963", "fields": {"user": 7, "name": "hadik", "phone_number": "8590029995", "street_address": "Arikkulam", "city": "kozhikode", "postal_code": "673620", "state": "kerala", "country": "IN"}}, {"model": "order.address", "pk": "249d7582-1cd2-4a8c-bc15-20ed08070d6d", "fields": {"user": 7, "name": "Abhishek", "phone_number": "123456789", "street_address": "palazhi", "city": "kozhikode", "postal_code": "673620", "state": "kerala", "country": "IN"}}, {"model": "order.address", "pk": "ebae35bb-cc02-4fc3-ab48-82362757627d", "fields": {"user": 7, "name": "fayiz", "phone_number": "73384888190", "street_address": "muthambi", "city": "perambra", "postal_code": "673625", "state": "kerala", "country": "IN"}}, {"model": "order.order", "pk": "0baf5112-f218-413c-bb76-2b4761298b8d", "fields": {"user": 7, "created_at": "2023-10-03T11:46:14.537Z", "updated_at": "2023-10-03T11:46:14.565Z", "status": "Pending", "total_price": "1399.00", "shipping_address": "ebae35bb-cc02-4fc3-ab48-82362757627d", "payment_mode": "cash_on_delivery", "coupon_discount": 0}}, {"model": "order.order", "pk": "122f9e99-fcec-4cb0-9a18-8e5256f37527", "fields": {"user": 7, "created_at": "2023-10-03T11:44:38.261Z", "updated_at": "2023-10-03T11:44:38.376Z", "status": "Pending", "total_price": "1449.00", "shipping_address": "249d7582-1cd2-4a8c-bc15-20ed08070d6d", "payment_mode": "cash_on_delivery", "coupon_discount": 0}}, {"model": "order.order", "pk": "1e3381ba-7d97-43d8-8250-6fead724ed3d", "fields": {"user": 7, "created_at": "2023-10-03T12:27:57.893Z", "updated_at": "2023-10-03T12:27:57.893Z", "status": "Pending", "total_price": "8644.00", "shipping_address": "ebae35bb-cc02-4fc3-ab48-82362757627d", "payment_mode": "cash_on_delivery", "coupon_discount": 50}}, {"model": "order.order", "pk": "386a3d0f-9a57-4781-a98c-ad18c79a01f9", "fields": {"user": 7, "created_at": "2023-10-03T10:03:38.657Z", "updated_at": "2023-10-03T10:03:38.675Z", "status": "Pending", "total_price": "1399.00", "shipping_address": "ebae35bb-cc02-4fc3-ab48-82362757627d", "payment_mode": "cash_on_delivery", "coupon_discount": 0}}, {"model": "order.order", "pk": "538efa89-dbaa-404f-a245-4b1bcce42785", "fields": {"user": 7, "created_at": "2023-10-03T13:35:14.756Z", "updated_at": "2023-10-03T13:35:14.756Z", "status": "Pending", "total_price": "1449.00", "shipping_address": "244dc1eb-1a43-44f3-a022-0a7731e4b963", "payment_mode": "razorpay", "coupon_discount": 0}}, {"model": "order.order", "pk": "5f2e2b95-a5a4-4470-9fe1-f62d3f0db6b7", "fields": {"user": 7, "created_at": "2023-10-03T13:27:38.866Z", "updated_at": "2023-10-03T13:27:38.866Z", "status": "Pending", "total_price": "1399.00", "shipping_address": "244dc1eb-1a43-44f3-a022-0a7731e4b963", "payment_mode": "razorpay", "coupon_discount": 50}}, {"model": "order.order", "pk": "5ffc4ede-71b8-49f5-8adc-5d4b8097b880", "fields": {"user": 7, "created_at": "2023-10-03T11:57:11.151Z", "updated_at": "2023-10-03T11:57:11.151Z", "status": "Pending", "total_price": "1399.00", "shipping_address": "ebae35bb-cc02-4fc3-ab48-82362757627d", "payment_mode": "cash_on_delivery", "coupon_discount": 0}}, {"model": "order.order", "pk": "68968c4d-0705-40f6-9d75-bee65e2c53ad", "fields": {"user": 7, "created_at": "2023-10-03T13:06:16.863Z", "updated_at": "2023-10-03T13:06:16.863Z", "status": "Pending", "total_price": "1399.00", "shipping_address": "ebae35bb-cc02-4fc3-ab48-82362757627d", "payment_mode": "razorpay", "coupon_discount": 50}}, {"model": "order.order", "pk": "702dcc9c-750b-4d46-be28-c454af616ebf", "fields": {"user": 7, "created_at": "2023-10-03T10:10:23.358Z", "updated_at": "2023-10-03T10:10:23.640Z", "status": "Pending", "total_price": "1449.00", "shipping_address": "ebae35bb-cc02-4fc3-ab48-82362757627d", "payment_mode": "cash_on_delivery", "coupon_discount": 0}}, {"model": "order.order", "pk": "95043f6a-e839-4f51-b7f9-aac6268cddbe", "fields": {"user": 7, "created_at": "2023-10-03T10:11:42.640Z", "updated_at": "2023-10-03T10:11:42.666Z", "status": "Pending", "total_price": "1449.00", "shipping_address": "ebae35bb-cc02-4fc3-ab48-82362757627d", "payment_mode": "cash_on_delivery", "coupon_discount": 0}}, {"model": "order.order", "pk": "c21960c1-50bb-4d41-896d-9ecf91f8f7f3", "fields": {"user": 7, "created_at": "2023-10-03T14:45:17.570Z", "updated_at": "2023-10-03T14:45:17.570Z", "status": "Pending", "total_price": "2848.00", "shipping_address": "0ca68303-29fa-4f38-a534-9217ed34de7f", "payment_mode": "razorpay", "coupon_discount": 50}}, {"model": "order.order", "pk": "ebe3783b-5333-41b0-949e-11240fe53a20", "fields": {"user": 7, "created_at": "2023-10-03T12:13:49.217Z", "updated_at": "2023-10-03T12:13:49.217Z", "status": "Pending", "total_price": "7195.00", "shipping_address": "ebae35bb-cc02-4fc3-ab48-82362757627d", "payment_mode": "cash_on_delivery", "coupon_discount": 0}}, {"model": "order.order", "pk": "f2bb77d4-bb59-42f4-959f-28a3117820e8", "fields": {"user": 7, "created_at": "2023-10-03T12:18:29.059Z", "updated_at": "2023-10-03T12:18:29.059Z", "status": "Pending", "total_price": "14440.00", "shipping_address": "0ca68303-29fa-4f38-a534-9217ed34de7f", "payment_mode": "cash_on_delivery", "coupon_discount": 50}}, {"model": "order.review", "pk": "f974b4e7-d7bf-486e-8ff7-0d08f4e159ba", "fields": {"rating": 3, "title": "barcelona jersey so good", "description": "i bought this product i really like this one", "created_at": "2023-10-02T06:50:47.035Z", "product": "5b6a0712-4f6f-4588-9663-b77218cad7ee", "user": 7}}, {"model": "order.reviewimage", "pk": "3068cf4a-7156-42dc-8c8b-a89e47cb6d66", "fields": {"image": "review_images/barcelona-home-shirt-22-23-back.jpg", "review": "f974b4e7-d7bf-486e-8ff7-0d08f4e159ba"}}, {"model": "coupon.coupon", "pk": "321b094b-6fc3-4b62-9f1a-ac9098ae03dd", "fields": {"code": "RED10000", "discount_value": "10000.00", "start_date": "2023-10-03", "expiry_date": "2024-04-26", "count": 1, "is_valid": true}}, {"model": "coupon.coupon", "pk": "e9fee13e-bfc8-4d6f-b600-1151559834ff", "fields": {"code": "FIRST50", "discount_value": "50.00", "start_date": "2023-10-02", "expiry_date": "2024-04-26", "count": 50, "is_valid": true}}]